x1,x2,x3,x4,x5,x6,y
-1.0,0.6943155260114912,0.4504210879536553,-1.0,0.5912779565609374,0.1766542613999148,1.3657709079616276
-0.8893397278433537,-1.0,-0.024348953088187575,-0.09171277105350817,-1.0,-0.634711798252827,0.7500622992718522
-0.07686030781951872,0.0756751831038377,-1.0,0.7378428361772466,1.0,0.06782128532245783,-0.6652875577107116
0.3758524174676139,-0.1652220980963932,0.752443506425732,0.8554221050604791,0.9249521642896952,0.756321236064583,-0.5691714665255104
-0.7020590810142828,-0.9120637965172685,-0.57060885646841,-0.580761204116665,1.0,0.9095398329476414,1.9200487864731233
1.0,1.0,0.16414788288774385,0.704818985921994,0.883525284920078,-0.2547451668140947,-1.4658196783278434
0.9448395527919546,0.4207683951589003,-0.3255871500513745,0.6015937854310625,-0.5050359395169197,0.3791265004848172,1.9474159667369202
-0.23469633408543933,-0.011447286718474947,-1.0,0.35310619267697463,-0.768473487908445,-0.24382511813955182,-1.8741324221205864
-0.36656263122570043,-0.7893156013555975,-1.0,-0.7870365532307051,-1.0,-1.0,2.9795356806784956
-0.6911524007127601,0.11205547757355505,-0.23841407962881755,-0.6765010625519146,-0.7023790187755312,0.468298871967701,-0.5784821593649327
0.5072059003554563,-1.0,-0.6638834005840302,0.6938203963456154,-0.56044705334277,1.0,4.422038845068605
-1.0,0.33416148174297056,-0.39111490164612994,-0.37656128303189207,0.3856073994605589,0.8205269432636306,3.3224894828280735
0.651302788046894,1.0,0.8957670317692068,0.43146939333217105,-1.0,-0.10601111745623826,-0.425082117629619
-1.0,-0.12372072846785298,-1.0,-0.9778668449787438,-0.969711993332711,-0.6508833049212608,-0.43646704149229315
-0.9720379429194456,-0.30725427935576355,0.297156156942,-0.19099058276323752,-1.0,-1.0,-1.569883721585108
-0.017512659143331888,-0.7026792632940502,-0.5086815822262931,-0.31106219209101793,-0.8515122667316178,0.04940024826463485,-0.3076920010689429
0.6003787287927533,-1.0,0.41641280794212177,0.5514379995959016,-0.6042568871048015,-0.9952142339933767,7.726265056875308
0.191773407613558,0.13308087683821213,0.40399968524912305,0.8691827781271515,0.5965408632324289,0.0688808936995382,-0.2847504399874154
-0.940341896475458,0.08428219177869373,-1.0,-0.07692997633375387,0.6420978697021386,1.0,9.210733770399694
-1.0,-0.7697626341133492,0.5560928922840318,-0.6593133692888766,1.0,0.059935856292051004,3.0105635486811497
-0.2893628714078002,-1.0,-0.14129676169010297,-0.7871134837763863,0.5254374435075012,0.8718418640124328,-1.1630349701954987
-1.0,-0.1677079697673577,-0.4145482968475467,-1.0,-0.9035415923069585,-1.0,1.1894127361431932
0.04382778419761901,0.005300888393633629,0.1553221403459606,-0.3967691070334839,0.7848385982581687,1.0,2.2964166363947576
-0.8330635656571252,-0.09694898951721798,-1.0,-1.0,-1.0,-1.0,1.540280979542573
0.1246655242992154,0.32721492576345956,-1.0,-0.17238382138558006,-1.0,1.0,7.237290260105318
-1.0,-1.0,-1.0,-1.0,1.0,1.0,-1.460008826995154
1.0,0.16354781677362434,0.33982167940773533,0.73945820931848,1.0,0.13169794026198312,-2.64509616362462
-0.20195016690930814,-0.12558241659372993,0.8518036894972444,-0.21236031648997594,-0.8668144431276689,-0.060374808754132925,-0.6291072393486065
-0.8481962356613821,-0.23043029620159772,-1.0,-1.0,0.6925145421336636,-0.47332829336335797,-0.3476668835199076
-1.0,0.13453024102040778,-0.3571497307746667,-0.5452948794479566,-0.2857291358406114,0.657776461701561,-0.4767728247894605
0.17414617322390308,1.0,1.0,0.9965668551839397,0.5184442353425398,0.1256784546516091,-5.596290864893567
1.0,0.7027317876965768,0.25565787983077093,0.6302080083441104,-0.7713477422004428,0.008665855691940894,2.8561961704641368
-0.763406217724844,0.0026858393017871185,-0.8406608931067325,0.39328154982685126,-1.0,-1.0,0.21718533479268035
0.26472993408549406,0.0560148447268225,0.5711665264297956,0.9027390832651527,1.0,-0.3816003365214853,-0.7428226983061678
0.55709628371068,0.6088981084886731,-0.7944427845664916,1.0,-1.0,-0.5375484194866611,1.959504128257923
1.0,0.6500918109537566,0.9663103802382136,1.0,0.417443204271325,-0.07257297605159341,-3.2509739051253317
-0.9376864889978545,1.0,0.31981830320619675,0.2443504316569065,-0.1127425818678402,0.29842595106257874,-1.78762914746817
-1.0,0.009179811507541352,-1.0,-0.2588057303445068,-0.18432634748762378,-0.6482235275940149,1.2576580249957647
1.0,-0.2088547758234915,0.07280782794623608,-0.16499833364161376,0.8636483412323066,0.7445573981217889,-3.583106042301376
-1.0,-1.0,-1.0,0.33315530330540677,-0.0392607024211018,-0.0266325774751468,-4.609948855001915
0.2637290920276847,0.3409070236720744,-0.21508685261804522,1.0,0.8314850143033143,-0.8174400025334143,-0.12225052862368302
0.14396734419410828,1.0,1.0,0.7137136721375112,-1.0,0.6781114049712709,-3.3840639750459403
1.0,1.0,-0.41930373793668396,1.0,0.12219306385091977,-1.0,5.778109766740315
-0.10524233221006196,-0.3614795234077143,0.3336397469709482,-1.0,0.005292360889685072,-1.0,3.955715648842035
1.0,0.2882365565492504,0.25169474630574173,1.0,-0.48252522831114264,1.0,4.057936453125405
-0.8567242230386113,0.23599164520022606,1.0,-0.10186576015057702,-0.012357190523460737,-1.0,2.4521373987000032
-0.9676452095108286,-0.19343989416157514,0.06640561764249708,-1.0,-0.7820725398623649,0.8341540114938581,0.05236221463691115
-1.0,-0.021449723979301005,-1.0,-0.9775876057168695,0.18120060830777773,0.5821189657001667,0.47951751976827683
1.0,0.006518571106585824,0.496773552770982,1.0,-0.1012967126040134,-0.9536088552239705,4.767127054557667
-0.3963812841559553,-1.0,-1.0,-0.19537717513487296,0.2340108216163569,0.7186337422077012,0.6193694453548315
0.6267517393264813,-0.46862950038645823,0.40901079692578823,-1.0,-0.5700709659421395,-0.7032386189930595,6.3822744588323514
0.350517127811934,0.584145646407741,-0.052887257629049333,-0.3919879030842431,-1.0,-0.5554620175054934,1.7327960570378882
0.32673094577116046,-0.2375612703827159,-0.43226245196571017,-1.0,1.0,1.0,3.50960669750373
1.0,0.7635336837861387,-0.47665950898430776,-1.0,1.0,0.20415653059313754,-0.07455621173376081
0.7262213252813197,0.9180242822635785,0.176145872351545,0.16215626341861267,0.3729572934264471,1.0,2.556284537827094
-0.32319081083524404,-0.698881066168614,-0.46575061974381626,-0.5137198332495392,1.0,-0.13977214578549155,0.045339901109572256
-0.1021837256783592,0.3120081081412931,1.0,1.0,1.0,1.0,-1.3756161782850618
-0.027962839808098994,-0.33925855722166476,-1.0,-0.6156758556321238,-0.0815259019652197,-0.07043522167275568,-1.2185739496244161
0.7457925744552619,0.16757979616689753,-0.8082628198749537,-0.7771822249733316,1.0,1.0,2.7605100256978714
-0.07098435393869096,-0.46045633347745674,-1.0,1.0,1.0,0.9018684201374663,5.7384730219426405
0.08432197562230803,0.8645020428840913,0.5427967507106535,0.21926266026888808,-1.0,1.0,1.5866359576267537
0.618438499765906,1.0,0.5168446868129604,0.3915590156186177,0.7601980942084365,0.06984394663854787,-1.2669697905451847
1.0,0.5977753831531096,1.0,1.0,-0.09309248730978603,-0.44902166920491854,1.0913807834421794
-0.08783964911142933,-0.35329910764849887,-0.3025198558410326,-1.0,-0.09256217154389335,-1.0,2.938953362912693
-1.0,-0.19021790474020595,-1.0,-1.0,0.10825735666703706,0.10640714223276734,-2.706559995711662
0.5232265338722932,0.6077790398080349,0.2991375315339913,-0.4526780310743631,-0.3572439136701664,-1.0,1.9061093166119552
-0.2909259761900316,-1.0,0.2685850946474855,0.18485810208264292,-0.6201026532707385,-0.7156539792632269,2.722611708226455
0.26840147172892914,0.3648721553240173,1.0,1.0,0.3175289357176678,0.9076119789529749,-2.9038429634954457
-1.0,1.0,-0.4697077447261998,-0.4575435406114525,1.0,0.2417310634531104,5.293018402257806
0.33854100338433407,-0.6152542507093473,-0.6244710347767333,-1.0,-1.0,-0.5339804537302476,4.970848109520805
1.0,-0.3618988022822373,0.7704462696217849,1.0,1.0,0.6009190445446594,-5.304123395557343
0.5153143828167309,-0.035701338846519715,0.9994358734475257,-0.6392063287169173,-0.5463881901800838,0.27995176087616325,0.33193218918737416
-1.0,-1.0,-0.5022133251593567,-0.943167957698521,1.0,-0.08044089112616734,0.04118123470466156
1.0,0.2555388460078599,0.38664257728119367,0.680282582881847,0.81593285071315,0.6000335506719497,-2.684427441542945
-0.0319579662003075,0.985586311722344,1.0,0.7984305153661408,-0.17309647513381707,0.18496271270307696,-3.1401023392813485
0.35249095534915786,-0.20024006171730035,-1.0,-0.8533710448183621,0.5098092492737809,-0.400605993634677,-2.378396269951601
-0.303080950945147,0.9481270731520037,1.0,1.0,-0.24540444782143336,0.9680663599553107,-6.080292129000286
0.05355261814502427,0.6880835637854117,-0.20207683844399116,-0.2292605602744346,-0.05668307890528029,-0.03330066787036236,-0.6951661678384939
-0.3385126164061312,-0.5541533143563262,-0.3237345568822719,-0.9045207023865592,0.3798777385675629,1.0,2.2497970875190267
-0.7103364145371127,-0.6261535736245325,-0.6398725855225553,-1.0,-0.653465088593596,1.0,2.4234214277175443
-0.21686603303859936,0.1431724549361036,0.8225252720464415,0.8910659873050326,-0.4636978731645851,-0.3090634598853472,0.6026519759180868
-1.0,-0.3240645008916483,-1.0,-1.0,0.3009285455581028,0.9249566219052794,3.3070101967489376
1.0,1.0,-0.628319970568033,1.0,1.0,-0.2587407027870179,-2.4454926102878507
0.41986069624386735,0.4473770924856806,1.0,0.9341751298332304,-0.7125708636857224,-0.5789614804693011,2.155094617309803
-1.0,-0.49239218233047355,-0.601342728055361,-0.15434871109975765,1.0,1.0,6.267620867360938
-1.0,-0.17023887836055107,0.13327169016025886,0.07383742882327302,0.4427743353816047,1.0,1.9357284351494985
0.9370866021418784,1.0,1.0,1.0,1.0,1.0,-10.247778296336982
-0.04439171046670087,-0.847718460321045,-1.0,-0.47430924149408576,0.14688582056568236,0.7256815388893361,0.006315760604432841
0.18210957418099538,-1.0,-0.908145057429552,-0.7832186374396062,0.18892540349471199,-1.0,2.7494464368813376
0.9189962995735566,0.4293069546056132,1.0,0.7062797787501787,1.0,0.9528264595765719,-5.294363624329488
-1.0,-1.0,-1.0,-0.16269716978274346,1.0,0.6350083317254794,-2.268317313634576
-0.9934185671360356,-0.8522889888053315,-0.29101900858674545,-1.0,1.0,0.49401130462215437,0.3659554280015094
0.5412078432806406,0.514774416073972,-1.0,1.0,-0.5064763453690988,-0.10368028980854449,0.8267765527211367
-0.21618805027421772,-1.0,-0.6540201891176147,-0.18742805740080842,0.3837669367318124,0.20539651901356382,-2.1200641617128886
0.873605768061425,-0.15432745267237313,-0.0031327930976750296,-0.8356481500279636,1.0,0.6321255427118329,-1.9191589935176099
-1.0,-1.0,0.1260285804104363,-1.0,-0.5857092213079156,0.36358414402162653,-1.1553325761149478
-0.99794518431386,-1.0,-0.4293196499791645,-1.0,-0.647365587268824,0.8626928876377611,-3.4391244198995734
0.029713484905920143,-0.0939170733657208,0.5032713346295917,0.07029107945205007,1.0,1.0,3.011260851588865
-1.0,-1.0,-1.0,-0.05235403448141707,1.0,0.8913797688493622,1.444317897742447
0.18822748866324313,1.0,0.5545038856897664,0.34011923856859133,0.1475585767828147,1.0,1.0820440279648453
-0.7363129509674163,-1.0,-0.6788673293623724,-0.22564342174062152,-0.9556487225486143,-0.6020539946347957,-1.5260623399002515
-1.0,-1.0,0.16030783316385355,-0.5196646583283746,-1.0,-0.13087497707785012,0.2396097594229327
-0.10306241759373824,-0.2462591735863242,0.2092821363938634,-0.7355629551730563,0.08347031980877584,-0.9632799752705052,2.5788975818410167
-0.213382921094167,1.0,-0.09697695177865612,-0.13729031556852472,1.0,0.5022813287384986,3.514156405878539
0.7075048617088355,0.7682088293558101,1.0,0.17751514925400919,0.2739978511426642,0.0424285590745096,-2.134023294247352
0.20882880340936594,1.0,0.23533329462146724,0.9410217739298805,-0.09033454541571231,1.0,1.5461584174410397
-0.9517173295963488,-9.493073977862379e-05,-0.28042453402121215,-0.8518635912989443,-0.338975286206038,-1.0,1.7183910827264426
1.0,0.7073748619649967,-0.8702860480808463,0.035317613095711575,0.5927789093255943,1.0,2.078673386414281
0.647010647438631,1.0,0.4048812809110365,0.5668546495657536,-1.0,-0.3133619547048567,1.625179072094237
0.5132359217067107,0.8719246696887135,0.5125816851568193,1.0,0.9278438543486925,-0.07742770999590731,-2.749103593139451
-0.3647450592996343,1.0,1.0,0.06318393714618786,0.19340810257324959,-0.3433108622685135,-2.3280984674732697
0.8402986458600701,0.6394474504807013,1.0,1.0,-0.11381281840957067,0.00029634607605666385,-0.3583744546555268
0.2901412820746311,-1.0,-0.7321145502835706,-0.03804492588900238,-1.0,-1.0,2.210491299489438
-0.04224374942072939,-0.8972623054963802,-1.0,0.5262564080096368,-0.1887680261220661,-0.03488445976648713,-1.756176681020864
-0.9111251393258925,-0.8247922124539587,-0.43540771310914206,-0.9995496326362188,-1.0,-1.0,4.055604784648496
-0.138714774684081,0.2721302215191297,0.4142278958951762,0.25449048651934525,-1.0,-0.6732122544893813,0.9225920272885906
0.8722770787578402,1.0,1.0,1.0,-1.0,-0.36051106843599445,4.8672857106427045
-0.0637447997047178,0.3415952820135515,1.0,-0.08138737146592684,-1.0,0.3028298962771432,-2.3839310872804367
1.0,0.5007466241554379,-0.47839729832231687,-0.07726060386700534,-0.4566328897578723,-1.0,4.062962855734816
1.0,1.0,-0.16805068255560007,1.0,-1.0,-1.0,11.075414605471302
1.0,-0.02382433451077648,0.06051562596261684,-0.17297239309586598,-0.10632289252125077,-0.029261588661031346,0.04434876110930325
-0.8269347502187767,-0.8494889532659873,0.43994176969498544,-1.0,-0.8897790964125256,-0.49170764531272126,4.3227781650257775
-1.0,-0.6261706455317342,-1.0,-0.7057496125194425,0.051792494398045896,1.0,2.9236337563237242
1.0,-0.798649472644862,-0.6395959635168632,-1.0,-0.6768249103452317,-0.21306072566987488,4.4758300688069825
0.06993059749802605,-0.46117822325517877,-0.9240710216884718,-0.40109258433264583,0.27131254578691155,0.07274075267813412,-0.06698142207894953
-0.16193919322896838,0.2483845406854629,-0.311678303950598,-0.15068843043846897,0.20021114969607479,-0.5904405284963192,-0.34402004871105163
-0.6918686209071134,-0.22800339384008916,-1.0,-1.0,0.9018922489956462,1.0,7.334356130489377
-0.7537862249313676,-0.43643155964908176,-0.8522932431232566,-1.0,1.0,-0.5438554535394984,1.9620937575117983
1.0,0.44149498582057967,0.03632285170915306,0.964475986965412,0.19054536390730625,-0.13704179107551723,-0.4590796329951358
0.08911740283503677,0.2578445158959255,-0.11121558188058134,-0.41801417839958005,0.4705310122113858,-0.06334036326708914,-0.12031730002790812
1.0,1.0,0.07258972030312694,0.10194783372343452,-0.4606867352655951,-0.7322504063069645,2.5125987108184633
0.6832040830555217,-0.01933957938071884,-0.3263248737110866,0.10957803835902014,-0.5622003315557489,-0.9940276785535092,4.541804334807761
-0.9304938648573511,-0.297021206591745,-1.0,-0.5638468984114156,0.3561733208813639,0.6722794752871825,2.5552669810343236
-0.3490106265213736,-0.011754860066676864,0.6039629056494689,-1.0,-1.0,-1.0,1.7688259173818017
0.1688940395768851,1.0,-0.940785398949168,-0.14310026261196834,1.0,-1.0,2.1266692959049003
1.0,-0.8296920767137572,0.11236153590579395,-0.2970116497887872,-1.0,-0.46141335236771486,6.978844001811579
0.0034494692420514173,-0.27448044641590674,-0.2936728047352847,0.04327010318970877,1.0,1.0,3.938340105878031
-0.6332421141239652,-1.0,0.22767355358490882,-0.879415678509184,1.0,1.0,1.6753387102650223
1.0,0.767268273361497,-0.5237583192220314,0.695810324696739,0.2995298738028039,0.47110559954746456,-0.15166614108560336
0.411960074977771,-0.13179062690093163,0.22068056806338587,0.6523060562447647,0.8340574481438301,-0.45628654889252535,0.40525330344590266
-0.7841381311557549,-0.6400876079958794,0.7537524331587528,0.8574515392797262,1.0,1.0,2.4759425710532956
1.0,-0.304092056205276,1.0,1.0,0.29980437373998114,-0.6920355206455457,-0.429046152360691
-0.08568801552816707,-0.39087054307776503,0.5702086554125778,1.0,0.3167928747145591,1.0,1.1618981974356326
-0.32372698490402363,-0.43341206286326917,-1.0,-1.0,0.21845825363620497,-1.0,3.496446117421012
1.0,-0.12233212307113095,-0.2961345581439321,0.3267581083434424,0.40496780711896985,0.39919252371646224,-1.180055493967366
-0.11720717681747295,-0.2689916332116211,-1.0,-0.6967828730103902,-1.0,-0.07214927683614303,-0.16933970555595868
0.36654086993534585,1.0,1.0,1.0,-1.0,0.08868069146692092,-0.9465299882889464
-0.15044908816009317,-1.0,-0.7011519950523726,0.46212268678735374,-1.0,-0.64913536998407,-1.1609916370509044
0.41892123400778275,0.8772417090138469,-0.9135624916387672,0.15651209399615496,1.0,0.6046461869991671,3.488676906372027
-1.0,-0.5992324723767954,0.44468500679268713,0.3335181225856686,-0.771762440438578,0.035967952268738834,-1.6170160636417727
0.2767803428048332,0.47169948268515594,1.0,1.0,-0.10491681769245187,1.0,-3.427116049235231
0.48890415494266004,0.3990230159038164,1.0,0.9457075853844289,0.23523581190073423,0.10612346304948322,-1.8974757383412155
0.6242882673776243,0.7971710590575245,-0.5077361054244383,0.28172719128483226,-1.0,-0.030688782527804603,2.089018438908151
-0.7334094391522927,-0.49764506828109045,-0.7096090804086614,0.043850085406849204,-0.5537274804738954,-0.47967009601976796,-1.1359253436970462
-0.44141384256387484,-1.0,-1.0,0.8729430453590642,1.0,-0.05592064946865144,-5.408326690062633
-1.0,-0.2271892702123437,-0.11562714053189183,0.037567606973848006,-1.0,-1.0,-0.42037436442433984
-1.0,-1.0,-1.0,-0.8934420033412585,0.38447801269964665,-0.7510495193279878,-1.1343296839317834
1.0,0.5686425360113518,0.6366561277481304,1.0,-1.0,0.21301520510702565,2.6227435122473466
-0.15504866044713486,-0.3328004652675073,-0.5771120474699731,0.8458742105152998,-0.14596263307032992,-1.0,1.7654969710863169
0.35306391640382634,1.0,1.0,0.08890782472399206,1.0,0.33250701356204304,-3.5198818211583136
-1.0,-0.2268380743932049,-0.6528926186552294,-0.6545975850748597,0.7474133322064647,1.0,5.267971699626383
1.0,1.0,0.5791792682649259,1.0,-0.005776477683910541,-0.7015472767610428,2.538801254699633
-1.0,-1.0,-1.0,-0.2760774979803914,-0.07547825145254838,-0.7107977254362161,0.6420929752842983
-1.0,-0.18623876355258107,-1.0,-1.0,0.7700725693633528,-1.0,6.575737847187993
-0.6386897596038066,0.9604628848886928,-0.5915753172194269,0.887853088338668,0.4685348924837979,1.0,5.460487475182563
-1.0,-0.4776124494659275,-0.5097384344495091,-0.603948364393512,0.5830455097163405,-0.4230256937499927,2.377593901122118
-0.3009324530322217,-0.7940798943890388,-1.0,-0.7374772781316958,-0.01472440980044798,0.8266695774070009,1.2309972295663112
1.0,1.0,0.8003924836095533,0.26454647052880054,-0.9948470571353807,-1.0,5.18680169758065
-1.0,-1.0,-1.0,-1.0,-0.1990718618477882,-0.12405307031475021,-6.938297258334827
-0.3962815020150404,0.48569219856974827,-0.810585010836051,0.023332822019772215,0.586178394105507,1.0,7.964298284670976
-0.20743818114856705,-0.5616027635143763,-1.0,-0.7380337139363529,0.768346420059979,-0.32293314959530667,-0.9090824043606048
-1.0,-0.08908116612188266,-1.0,-1.0,0.44016718643457264,0.3569034891824635,-1.0871431887228078
-0.7065623283414021,0.19087039733725614,-0.411487306096751,-1.0,0.29638496594904673,-0.2720698339562254,0.6226702595873654
-0.139797670762156,-0.7521913603779804,-0.2843302445452174,-0.32855325927405055,-1.0,1.0,3.6574743971955392
-1.0,-0.8921605951501606,-0.11553854592190715,-1.0,0.8308222697327994,-0.635679820093134,4.164093286989488
-1.0,-0.02992242815034385,-0.5880795564292054,-1.0,-0.3454250167974008,-1.0,1.2620731002586174
0.9871896488181979,-0.30971362739782493,1.0,0.0511275507145017,-1.0,0.33661758670070774,4.720526131823767
0.26663025396871176,1.0,-0.19537267537266428,-0.31119641799249953,0.36571486873576964,-1.0,0.3461114200926768
-1.0,-0.9199947637242292,-1.0,-0.6786863267977252,0.07378720917382618,0.3111199634179568,-4.799906526741217
0.1593282465214223,1.0,-0.4064445409351022,-0.22815463598189534,1.0,-0.9644294674798509,0.5989628013571522
0.6149183936118028,1.0,1.0,1.0,0.4209063747750551,0.10542410385858592,-5.764380410821406
0.045626910478177476,-0.6897416547806153,0.5786128792891205,-0.09498364952890892,1.0,1.0,0.26081321900108667
-1.0,-0.14329146073816568,0.2798077559346108,-1.0,-0.2687912396167903,-0.0023088751539396823,-1.097449165409178
0.13704000390260637,0.3812718846922817,-0.4598671491887246,0.39969674407923705,-0.49251423192735844,-1.0,1.9038782883051693
0.8701606122474618,1.0,1.0,0.9709252440747445,-1.0,-0.9249948172725689,6.37937360216081
1.0,0.3382840944201385,0.691563493317581,1.0,-0.4369900476533846,0.958078528070205,2.5882182214756178
0.5275753299450628,0.5796925691795667,0.07759582874977455,0.3832361838650593,-0.794925289678243,-1.0,4.485288426157888
0.8844450006999967,-0.5460427746502026,-0.10997894771771935,-0.12145743400013448,-0.07100289250546332,1.0,1.8026276225823572
1.0,0.8889486880780235,0.8528002601769086,1.0,-0.3255477726746976,0.3421133760539491,0.15564553694307287
0.027748163012774718,0.5935961568196966,0.37193890205147895,1.0,-0.38829303905366774,-0.28743972120785416,0.9110827230848476
1.0,-0.0611509820660564,1.0,0.558669424083036,-0.3497130933707554,-0.9024094134367665,4.72555369159684
1.0,1.0,1.0,0.6628783001991334,0.626368723296197,-0.3431452082266584,-4.531588452712473
-0.4231046235258445,0.23328595867463703,-0.28473996214494623,0.11816120789831641,0.7585497033223303,-0.7598477501431886,1.698941373427009
1.0,0.4038530917587949,1.0,-0.5027604128037116,0.4364391094614143,-1.0,-0.07960558762425929
0.905257485668426,0.5183311237681996,-0.842459470194564,1.0,0.6437801293299525,0.4886263264945685,-2.9228182596428987
1.0,0.646354542279044,1.0,-0.2787978358234222,0.5474122132619779,0.19121297031089976,-3.289564914497606
0.5991901611831278,0.3727182642387299,1.0,0.5592105237464,-1.0,-0.02419278899121524,1.0127863418959908
-0.13291117577634404,0.7868109252443569,0.8791230947143637,0.722408180067958,-0.29884050845091537,-0.1699110673298534,-1.1229300209141826
1.0,0.45176901224940713,1.0,0.23994316517880643,0.8643898134850353,0.8325391106242701,-4.829336184233764
-0.9081559838989454,-0.775974092214942,-0.715991580185678,-1.0,-0.08761171447899507,-1.0,4.337690665074772
1.0,1.0,1.0,1.0,-1.0,-0.614625663647165,7.034148806044591
0.5239083508329404,0.6727463655317013,0.9167920696500212,1.0,-0.022515676382733607,0.4801019433771158,-2.3639771353402343
1.0,1.0,1.0,1.0,-0.5159584952291032,-0.9710555803178138,5.240105864627096
-0.021579285149918692,1.0,-0.9873109607295925,0.08337316027356861,-0.071494285513512,-0.043687124470328964,1.9908832527523461
-0.02319176640601417,-0.9180875187926387,-0.4186228588698717,-1.0,0.43307380523727834,-0.1712613564791715,-1.1553318721861694
-1.0,0.6639229399537818,1.0,-1.0,0.09537415231685942,-1.0,-1.8665045406385659
0.08621446796755194,-1.0,-0.8934398002205577,-0.4900698967078148,0.11229838816867288,-0.5381776437150816,-1.889597635791455
-0.6964241650639902,-0.5748777415976722,-0.8138180458607611,-1.0,0.03677844204540193,1.0,1.8238229289396983
0.38847146618034256,0.7057101555508501,0.9297386351538468,-0.20957080679300727,0.9832683629979484,1.0,-1.2342038433539075
-0.7792723524849813,0.45587426419421856,-0.22522680852444632,0.3169934685139425,1.0,1.0,7.097671722928494
1.0,-0.08529297525518165,1.0,0.8392681131729256,-0.3367661867142381,-0.47920720569955066,1.393612363383293
-1.0,-0.9641805607541735,-0.8914894902915305,0.12185358192803675,0.6356787452729137,0.8707161224516006,1.407112804825199
0.37967690270094856,1.0,0.14256164674112148,0.053792074679875235,0.7568764920969412,-0.5311906638984125,-0.9128961455604359
0.9675373796372428,1.0,1.0,0.9129959364669877,0.3481353759412812,-0.8931970335394022,-0.7174772819311894
-1.0,-0.019694591742637657,0.1379248410856628,0.45979951323892365,-0.33445799057730263,-0.5274323149620052,0.9948085987401851
0.5168513133083461,-0.19714645182851642,-0.33269292149160257,-0.7075593958069455,-1.0,-0.863213528975216,3.7850077445149175
-0.32044009618637875,-0.050405137385256094,-0.14458656886652974,-0.012224958086399229,0.803893716685063,-0.35636417259408937,0.14844113624757027
0.06209191331280761,-0.9111026262889946,-0.5905197966725005,-1.0,-1.0,-0.6935553917650572,6.191864122745439
-0.578203715382817,1.0,1.0,-0.3825250633925073,-0.43541122584598435,-0.7784488168377723,-3.1603534046830526
-0.3884188723299128,-1.0,-0.023895103836013815,-0.2835414855789201,0.5297704765722377,-0.9460579309148591,5.422624721887946
0.15451457210244834,1.0,0.6889160385312643,0.889946762631574,0.5541378287724698,1.0,-2.0660690152277508
0.3942530104404255,-0.49764708042667993,1.0,-0.11217298471511328,-1.0,-0.03383234785128064,1.7040849947118173
-0.16868800927380162,0.6681407275004794,-0.1827929395798606,-0.27330599162866864,-1.0,-0.04742150482297269,-0.7746632355379278
-1.0,-0.15078280543983302,0.6947726305487815,-0.7641969275989895,-1.0,-0.4564232003211244,-0.8383560361274046
1.0,1.0,0.7760983421643826,0.22071155742219128,0.882382124190512,0.8624996558818231,-3.455266143860366
1.0,1.0,1.0,0.6430265235174399,1.0,1.0,-9.481013777191784
1.0,1.0,-0.004522145844886416,1.0,0.21708630615390123,0.6546525550904407,-0.2123393519011486
0.35747672434573374,-1.0,0.007726607654870765,-0.8704283857371127,0.15551277909420824,1.0,-0.46779139638347644
-1.0,-1.0,-0.4782774810696069,-1.0,-0.24234821167708587,-0.6822162501235288,1.2994930703616854
-1.0,0.3869353899048523,-0.6583803786816803,-0.3104484174466563,-0.4798490232428724,-1.0,1.4205654600585649
-1.0,0.08016557946733244,0.48250578297002705,0.2369233252973365,-1.0,-1.0,-1.489865428849213
1.0,1.0,0.5746826217038674,0.33675387238489557,-0.5842272279806384,-1.0,5.688104939583358
0.5126314046191784,0.3696098492126034,-1.0,-0.7602243465007499,-1.0,-1.0,1.882334331352784
-1.0,-0.6565512870311516,-0.6792500778610508,-1.0,1.0,-0.4296506997435441,2.960177649502066
0.11681994828909414,0.7646232598886141,-1.0,-0.2589128804796761,1.0,1.0,10.15446980249056
-1.0,-1.0,-1.0,-0.00044831151960531,1.0,0.7665350996926105,-0.9073968430655313
-0.8689020323431331,-1.0,-0.35814135692749133,-1.0,-0.5433020855826237,0.40957198620367186,-2.347707593060917
-1.0,-0.5026936727840017,1.0,-0.5179123074309373,-0.920288917710421,-1.0,-0.4924488747115757
0.8413042294999347,0.4519490970607015,1.0,-0.4387199977151282,-0.069563088696309,-1.0,2.196821481823813
-1.0,-1.0,-1.0,-1.0,-0.1454911213827348,0.1865636633132694,-6.655940561059459
0.08503159523450288,0.8545902050525451,1.0,1.0,-0.6645238414646912,-1.0,0.7814118760810849
-1.0,0.07975384221257831,-0.4308337399271449,-1.0,-0.7424008978371905,-0.9388418856496743,-0.18445903805075126
0.48950254235050444,0.9505006819129862,-0.23557104205625895,-1.0,-0.24586630360609862,-0.790373853251815,1.2848164404599616
-0.04155645561886567,-0.9159318604710049,-0.42529375387117296,-1.0,-0.7264824661761601,-1.0,6.645198679197117
-1.0,-1.0,0.9111492482955631,0.04929892738564606,0.868941056059327,-0.08438468851933834,3.6934805990333883
0.2645775167070481,-0.05222122664959072,0.7688995806084917,0.9045573236226369,-0.18136552517890914,0.2504195197364717,-0.7448286356138151
0.5155392396035186,0.9091846908518522,1.0,0.10515497742706348,-0.266152054243986,1.0,-2.15734939491877
-0.586636934001872,-0.2193803145823654,0.5935261256349276,0.2995604887996957,-1.0,-0.48124413617686956,-1.7411521179029128
-0.2267087331051918,-0.035098546804864295,-1.0,0.04440699102236856,1.0,1.0,9.017000478891898
-0.9777781918618291,-1.0,-1.0,0.34079620026942403,-0.3199737343495054,-1.0,1.4290875881775422
1.0,1.0,0.38662542403430655,0.2635185478840961,-0.4711986917376537,0.6695078405067524,1.4705166327607755
-0.4967611175093112,0.030044381506021067,0.19498117884957256,-0.4601805942770054,-1.0,-1.0,-0.6772321366020455
0.6702084416817846,1.0,0.45556831529611874,1.0,-0.5276761937594079,0.9872488982013026,2.5580055267117023
0.3851378889556353,0.08002588598651994,-0.036905978584509586,1.0,-0.5095830600820014,-0.5707082450478195,2.108742807431481
0.7356686565958432,0.23494071151615126,0.6109653511988347,1.0,-0.44298163564752335,-0.9392410114154576,4.259965740436976
1.0,1.0,-0.1934241959371132,-0.5093714245065618,0.7441890776896771,-0.9799367273259052,-0.435555381853031
1.0,-0.06870350019267857,0.09894204187761643,0.9496499304483736,1.0,1.0,0.8925553852545918
-0.9061045076367167,-1.0,0.04167720508591233,0.10988398775616381,-1.0,-1.0,1.1970420084022046
0.6410484819951814,1.0,1.0,1.0,0.20150683599736374,1.0,-6.2246681662533705
1.0,0.6074160199749874,0.7199897477142366,0.485280901460567,-0.8303529029646962,-0.09368722478956248,2.904882846461047
0.35921288504379273,-1.0,-0.6729068814395911,-0.38687472922276755,0.46287902440093537,-0.12969801948896437,-1.9477274333356727
-0.6427906270992757,0.6918823101428152,-0.07354129949276267,-0.7214561922445342,0.4082203639233415,-0.2958513612726167,0.612841889457435
-0.618573464551866,0.32963225287173126,0.21243097793760268,1.0,0.28464115636380205,-0.6414208021503666,1.5625138785136208
-0.17841480119459985,-0.5988562930319048,-1.0,-1.0,1.0,1.0,3.6673075958128853
0.4340798600947302,-0.7562460883958587,-0.9376425859622993,-1.0,-0.8933676440909505,0.5031617232994885,4.0009226179088735
-1.0,-0.712809319236966,-0.22243734705671303,-0.9103272296958747,1.0,1.0,4.018517275144766
-0.3816044993956246,-0.7314343212785784,-1.0,-1.0,0.7612606979441046,1.0,3.262903743782655
0.4833712472192663,0.9268693816882695,-0.2684441027972659,-0.17829806669514214,-0.4828866705700287,0.41924364852389784,3.1700021358488493
-0.1908026053118007,-0.3966633829493418,-1.0,-0.4851921782322445,-0.3334881972865606,-1.0,3.1552232994502107
-0.14898175527723134,0.45158915423550816,-1.0,0.226575297627913,0.5816463209466534,-0.5388959964971127,0.40799102841667556
-0.05226784103641763,0.004078299040471578,0.006791794348207203,-1.0,-1.0,-1.0,3.0156308207071785
-0.051271429362584,0.16410254145887818,-0.37251546654436696,-0.31586903488678353,1.0,1.0,4.786618733694297
-0.904198514097612,0.7923505857506734,-0.8780881001295633,-1.0,0.9976622571390357,1.0,13.099540595246534
0.40794864191468116,0.9172781615190091,-0.12833703495322812,0.2716400841860046,-0.9265556273727076,-0.7143193956427836,1.940494012305484
0.5713421174311988,-0.03135759795481774,0.11785282727580332,0.8670022920810574,-0.7924208778290456,-1.0,5.850832964958967
-1.0,-0.14311216159672419,0.5538947590670201,-0.6276948446789858,0.34491406237771616,-1.0,4.751918640330101
0.274119385213357,-0.2578298215408682,0.17243393136285884,-0.7980583311807449,0.597747318957718,0.7559010586290162,-0.2416678800891694
-0.8102737372014741,-0.36766350597346764,-0.7299060743094627,-0.2651145203418024,1.0,1.0,7.0101452364427
-0.5593657109518557,0.9750943064870123,-0.8153104151682096,-1.0,1.0,0.7849122693625901,10.602063426552307
-0.8134060175368234,0.0027084309482984237,-1.0,0.5574598017024326,-0.7165586396121943,-0.9870292004155616,1.8548039973999297
1.0,0.8562800583003114,0.2126362864168596,1.0,-1.0,-0.6312184020014835,8.528620099329531
-0.09575610752451669,1.0,0.6576906137045413,1.0,0.7930003798114292,0.7426414604470225,-2.7094698685716474
-0.29061252112119607,0.12786789238235374,1.0,0.2753274041747209,-0.5035701465020463,-0.31086022144160963,0.46580205776355266
0.6309524200903172,0.5456017885358503,0.898390782770605,0.8261423950678126,-0.5142581753492718,-0.5016530777473815,1.8836989122004715
1.0,-0.634443078492243,-0.1448102843439687,-0.7524578548411203,0.6968327857485739,0.4198140134774686,-1.5961054719569794
-0.751701119521037,-0.04328771283581384,-0.7452833454507287,-1.0,-0.7290784189618229,0.2244785514357487,-1.021793780790871
0.09614362409888155,0.1790396870362405,-0.36234237439326145,1.0,-0.8202089748246759,-0.21584501422634317,0.17046511147156956
0.7828900162582811,0.181810603854626,-0.2517926540607371,-0.044874497651448464,0.08398783104314422,1.0,1.88716157770941
-0.3278988056126688,-1.0,-0.7835456461644108,-0.5119801229413778,-0.30667452486897595,-0.028595917546668126,-2.961463239555068
-0.11975385736676758,0.7591514156778834,-0.42519593295379315,0.3357637982329963,-1.0,0.041081236294850054,-0.7462054549129492
0.09408945969582966,0.9618093723892156,0.05403728541133157,-0.3818221360557453,-1.0,0.08573911645841881,1.1756257395467757
1.0,-0.2993953946611247,0.3419467661820746,0.19990279153286372,-0.7885264509556613,0.2889876239157788,3.241079078868397
1.0,1.0,0.939107329512359,0.10366754216404162,0.4201531494079097,0.838016834209919,-4.1394536953352565
0.6200357572837576,-1.0,0.3545124464924246,-0.5094862469300069,0.40156387198895205,0.8461720570678457,-0.7257776949340653
0.39949527281608804,0.6349239903784646,0.3086991020328881,1.0,0.8636350025046733,0.4076221180578077,-1.466560824419063
-1.0,-0.5035134571298199,-1.0,0.148840936269784,-0.10201631516061482,-0.31290336486975145,-1.92382618115077
1.0,0.4983493029532333,0.8586862518061978,0.7960030846779357,-0.029241558951974,-1.0,3.4910519165194143
0.7179191212218117,-0.17272753501874494,-0.5386207644438314,-0.6564117944383221,0.815583509157608,-1.0,0.8149337498637313
0.30243669164052567,0.3525368309842112,1.0,1.0,-0.35522445363682587,0.7284076866775087,-2.6128078572612914
0.3438432013585455,0.8023442849914342,-0.7023894011473918,0.3128981736449875,-1.0,-1.0,2.865769609396662
0.06333996739567943,-0.11531532202462332,0.2740728746633607,0.33210737741019697,-0.8131469741327557,-1.0,2.266132341122357
0.3512032801232565,1.0,1.0,1.0,-0.5015387027042343,-1.0,2.698635488726915
-0.25733837922311653,-0.9698940999859418,-0.9768476664502301,-1.0,0.4701123615286253,-0.2698778457723817,-3.9859640418047046
0.03864872663448393,0.5603898596932413,1.0,-0.04236767859258672,-1.0,-0.6744079366528897,-0.6045583038099568
-0.13977833600975298,0.262692044849342,0.9086462492910328,-1.0,-1.0,-0.5068532056170607,-0.41235027205856173
0.8234284183618511,0.5673650029140798,0.9467789039438893,-0.600065190469397,-1.0,-1.0,3.6647055769970196
1.0,-0.1596409645094089,-0.000455692151102971,-0.013495324707575196,0.7906079858728209,0.5942026089165952,-2.4328734956885287
0.5899110347801022,1.0,-0.04695027045526512,0.7231929098357515,-0.8344671107785073,-0.19818613917341105,3.18828092875233
0.5080687512235379,0.5336457793828611,0.1774519615470712,0.9001951059045408,1.0,1.0,2.576324027819084
-1.0,0.7485990933150801,-0.037617924877905384,0.5736935569013941,1.0,0.3360439577817518,3.508708272162128
-1.0,0.0071905390512844725,-1.0,-0.16625905280237152,-0.6352128540483002,-0.19806144635805878,-2.2372481998822558
-0.9505157443766568,-0.8844287899900599,-1.0,0.15276577426175136,0.8172783009420236,-0.6175929927816965,-1.1996413970629485
-0.26192945172744203,-0.600786890397784,-0.713374722584257,-0.6634370567581989,-0.21597407806516056,-0.532614620844901,0.4870445157531969
1.0,0.13786152766161064,0.039275831568723385,0.9564959023429664,1.0,0.335157318311909,-1.7685618936808623
1.0,0.7751675965959851,1.0,1.0,-0.09263216556170234,0.0935697311778626,-1.434965907418449
0.7149050911146246,1.0,0.6142318191028919,0.67078954339466,-1.0,-0.11645908934083549,1.681532722520558
0.34846136552167345,0.4414523914671279,0.07966730484721582,-0.26185383644055216,0.6551305935426845,-0.8931923971495067,0.698480043402822
-0.3194263020210769,-0.4216235329728635,0.04465710908529577,-0.22243369470300395,-0.4611053582237432,-0.46694724731636894,0.8942838850034307
-0.49469459999302057,-0.1335313994518006,0.09818416659766538,-0.7532736536848579,-0.5004032722606244,-1.0,2.1356423908156694
1.0,0.9082454892601541,0.13341046439284732,0.18547839700155055,1.0,0.5631759491625733,-1.2752691072187277
0.08378944182594428,0.16004210082167528,-0.603147303683367,-0.7025756947071617,0.047256162883987596,-0.01292313870943923,0.1113479279025516
-0.18350687465636428,0.9122354555597684,1.0,-0.8378568248742413,0.3479991889524032,1.0,-1.9387388557042566
-0.7263576258344215,-0.10127777410617189,0.5882703439592005,-1.0,-0.514271715068762,0.456703433569263,-2.8355320185462003
-1.0,-0.004751524120848227,-1.0,-1.0,0.4956091829567396,-0.4957427141597063,0.11850982691025214
-1.0,-1.0,-1.0,-0.4720642116848579,0.8202508751496845,1.0,2.4013732393225364
-1.0,-1.0,0.5626952700541475,-0.44061972684882406,-0.3810291128659049,0.5460554090395573,-2.362189797740167
-0.4094138179623883,-1.0,0.7742874701015205,-0.0028948264157717674,-0.770158332436542,-1.0,3.839721771578473
-1.0,-1.0,-1.0,-0.4765054897254144,-1.0,-0.645847036132045,-1.5054843253152823
-0.6488964832700421,-0.23579176377605005,-0.14731467445505508,-0.7820061859242071,0.9256611669583488,0.6853962781801999,3.2608526309079258
-1.0,-1.0,-0.6481554975160443,-0.24110105563129447,0.856860387489578,1.0,3.1495465162223226
-1.0,0.40645262507670293,0.27721061628993815,-0.06210976354226594,-0.1290332227754537,-0.33417473958985,-0.006022560683993639
0.5084444922571827,0.8303186723612732,1.0,0.9534235343803761,1.0,0.7255880415553113,-6.576478001253804
0.08448063465823141,1.0,-0.5843249675036913,0.5032292586007812,0.41082514392423364,-0.13467502524268626,0.7417006808889965
-0.742445769110105,1.0,0.7753744570688348,0.4402378555202693,-1.0,-0.9162569830033607,-1.723389595709544
0.005629452076847202,0.3086539831698507,-0.2514238580240187,-0.0013793882272847835,0.4813982704668782,1.0,4.128743177889233
-0.5156916861251427,-1.0,-0.6226203606429168,-0.9996290502785479,1.0,0.8836906232035229,-0.02095413983046307
1.0,-0.11707427013757687,0.8323033578605752,1.0,1.0,1.0,-3.9840107153917317
-0.5182153940981706,-0.019148500074976094,0.5921291821388743,0.22770886470941698,0.23738469269926682,1.0,1.6466077349349422
0.5400481793994403,0.3723355311097578,1.0,0.6696415114912677,-0.8419327586636224,-1.0,3.64903740935672
0.5696277625392144,0.5421728239628401,-0.2575940907687345,1.0,-0.40906086988278106,1.0,4.034279511266395
-0.9513004445130757,0.5143825984753527,-0.6063896055126254,1.0,1.0,0.6454375711349788,4.081348035418391
-0.1863914248045152,0.8221598747804395,-0.10166651784382164,1.0,-0.7746559586803516,-0.6657444149180604,1.9558225261396003
-0.6252732770315981,-0.39455454251249833,1.0,0.7855789355364422,-1.0,-0.062373650320288965,-1.9815727444139255
-0.09031817164708333,-1.0,0.2979186739452844,0.23264163250917227,1.0,-0.18799899180185403,1.8733852887321498
-0.9606793604267772,-1.0,0.5573137928971461,0.23868871028686978,0.9078425227841772,0.34507623692950185,2.133720104697518
0.04274438033702649,-0.8821183802264401,0.7845523041892604,0.43715539275357973,0.25164183134226925,-1.0,3.90649797728754
0.2378464421836643,-1.0,0.24331248042803844,-0.588661474785161,1.0,0.5259346848645592,-1.316811304641876
0.2579523964981194,1.0,0.710924098470409,0.44459798451618027,1.0,0.14169370954274718,-2.3279423871978695
0.8534338731599467,0.24990864161710458,-0.1730648722182888,1.0,0.9658344320193544,0.34019485652229065,-1.5420549655610882
0.18969472345057647,1.0,0.727623756623531,-0.43591619691228434,0.605513430758196,1.0,0.7137055741859537
-0.1778114516173302,0.979963270823603,-1.0,-0.1881589579118444,0.9631098790800383,-0.1545946292646847,3.0981757191101544
0.4975561058933369,-0.7974415059586282,0.6290969538750808,0.5443286837827619,1.0,-0.05844524124912753,-1.2104988338145561
-1.0,-1.0,-1.0,0.102406294841763,0.26467620821866666,-0.4478173018958468,-2.285312662094502
0.47972030862082304,0.7785959245261254,1.0,0.9108732847596115,-0.2027119625113084,-0.5417455639505961,0.008122968169395214
0.3597065234591661,-0.6532811854738472,-0.19190653570505678,0.5001987306427338,0.06589021993808108,-0.8640707981507925,1.907825427277077
0.5910387488962394,1.0,0.3081690634282646,-0.5866932551972375,-0.4441304338523038,-1.0,2.6194331434215625
0.23173147166497843,0.6218590624475486,-0.008396771183292684,-0.036650679246174156,1.0,0.22210007614474514,0.47003062151411074
0.46469652852464427,0.698460608206696,1.0,0.3804471720444458,-1.0,-0.11222909028867645,-0.20268070779765918
-0.20636424210332482,-1.0,-0.512404283936698,-0.937950988370796,-1.0,-0.6781243318819214,4.208604496886485
1.0,1.0,1.0,0.27863364039816774,0.40151425714731626,1.0,-4.361195613696739
1.0,1.0,1.0,-0.5710673861182386,0.5810869991538214,1.0,-3.5873257956007287
1.0,-0.6833800159282231,0.5412275943439051,0.30209432309679485,-0.4373212666210166,-0.8322733638965816,6.690428763938833
-1.0,-0.20167873375685863,0.6616081325598482,0.1245131297034412,-0.5244174884298114,-0.002331173165275202,-2.0821928232457982
0.14285247621634478,0.45513642385288056,1.0,0.9516000333029999,0.7043664890395,1.0,-2.3967744078927633
0.4252706367852179,-0.4354289302103676,-1.0,-1.0,0.8427485622501492,0.3910409715618175,-1.5093736578368828
0.9449544807223978,0.8237472611526577,1.0,-0.5461303968031402,-0.20585433112534401,-1.0,1.018582157028969
1.0,0.5045629100514994,0.9379953181164136,0.17135433722116622,-0.5683855288430675,-0.7650235120875033,5.3374635578007945
1.0,0.3479287237738433,0.6853059564793531,1.0,0.6201414725383725,-0.6547977257722486,0.000996597963397794
0.010700053884325433,-1.0,-1.0,-1.0,-0.11653045058925082,-1.0,3.3047061713548835
-0.05374325505340022,-1.0,1.0,0.5002706169877194,-1.0,-0.5243806080328246,3.0484943183732143
-0.1880203568238827,-0.03313042841799696,1.0,0.47393606698147817,-0.8005532038791925,0.5135189638374039,-1.8509613612193907
0.9645559585816637,0.7468958931910179,0.6446928911039044,0.24454588876519626,0.37345661679662795,0.7602418189623857,-1.6149561999087918
-0.06655887614715794,-1.0,-1.0,0.5142268808779856,1.0,0.2258974256989444,-2.5383789544940427
-1.0,0.06437165884862772,-0.6406583571326455,-0.2962941614150688,-1.0,-1.0,-0.8095814170023641
-1.0,-0.4541730989409005,0.09329881405877771,0.22483776787481985,0.6979480878073838,1.0,3.6246119558188217
0.20644566883609794,-0.6437270231726853,0.06070390256950442,-0.1836638115412385,1.0,0.9046331642334438,0.48046519660859555
-0.8249880305371264,-1.0,-0.7909893743462277,-0.8043946523227502,-0.011024914010732911,-0.5653542531003656,-1.052958091076216
0.026477209960247217,0.43518521214402256,-0.6488109936576683,-0.9460314759731348,-0.6205315904464935,-0.26024142981643905,-0.1692327510822411
1.0,1.0,-0.444035226011552,0.8563930358780738,0.6007474578075334,1.0,2.1149347589621397
-1.0,0.41481879088267837,-0.006956008952441001,0.13127184334597986,0.5373626995138228,-0.9939110357949889,3.750006062134468
-0.6222994548863292,0.9196313503650662,0.4730332199501947,0.6851624119284433,0.3673028036273432,-0.4203000911151092,-0.7664870359184945
0.24092513219930586,0.3285845819001322,1.0,0.7296743330560251,-0.547929655550337,-0.6876388171367341,0.8497173275052288
-0.5173316349045983,0.9683902119073621,-0.8659389360624478,-0.27863457582633466,-1.0,-1.0,0.3392251795078933
0.6156506706348892,0.05555656131771897,1.0,-0.19247720027477605,0.34910298760160063,-0.5312689661321464,0.5166803351257323
0.6023841611248123,-1.0,-1.0,0.709813810187436,-1.0,1.0,8.204891690059176
-1.0,0.05867887426039595,-0.4044154396722357,-0.057479238306358954,0.9091876389132878,0.060800803518478275,1.3416056985214273
1.0,-0.26320874682623374,1.0,1.0,-0.6434020491126538,-1.0,6.733380266158776
-0.3439207156806972,1.0,-0.12717621757175354,0.8200303845234741,-1.0,-0.0409841898898986,0.2698293450736166
0.9361683402302925,0.860698023680881,0.73631238882019,1.0,0.29220174163595447,-0.30659215115821536,-1.4747187868631273
0.35781809983782165,-0.2184103704220528,-0.7659248119732941,-1.0,-1.0,0.3166322931262295,3.0692703886560553
-0.3189971477678095,0.6013978257942028,0.6871068318093694,0.424731652453921,1.0,1.0,2.062206253412499
-0.7525090149558007,0.9642870386311009,-0.15303052324591981,0.6922930097428139,1.0,1.0,6.705499241609005
0.8608462737436975,0.1810236909542391,1.0,0.8619567816407062,-0.11974969497353954,1.0,-2.285231042569004
-0.4137598029484756,1.0,1.0,-1.0,0.7445438879836879,0.5105056568851816,-1.915405157786634
-0.5954332758106327,0.02255682446957996,-0.3110157613668434,-0.38210787689350245,0.1627057517037992,0.2066764964083312,0.6208815032039439
-0.49297410912374556,0.39775498656600117,-1.0,-0.03944263016409076,0.059252437124013776,-1.0,4.912065834758538
-0.030849938035608426,-0.23578041381301196,-0.8541180021894834,-1.0,-0.32777853630591475,-0.36281029390915265,-1.4825540882257124
-0.4376131942814985,0.09839102952093925,0.22343624336633322,0.4596435325929877,-0.00924153690956267,-0.22782471486778585,0.21086959464411031
-0.3289466200293962,-0.1066629761887945,-0.32070668327711427,0.8457082760691157,-0.8673092751473438,-0.1652164264106737,-0.8053269044411115
0.7430723184142969,0.4004707996411839,-0.2725051884284427,-0.47526758041974326,-0.5744546186552032,-1.0,3.4805510113339824
-0.9610783647670388,0.35444433509375406,0.14977052034690308,-1.0,-1.0,-0.167029965544351,0.07755182178256104
0.7175199847412257,0.48158795092288254,0.49070600537357795,-0.11768844717983906,1.0,0.3087121806182991,-1.5793590826329837
-1.0,-0.48290394789351354,-0.15183937259562508,-0.5606594306864503,-0.2263062603863954,-0.42928466456836206,-0.42279455080413514
-1.0,0.40173434754706444,1.0,1.0,-0.3776861850125601,-1.0,0.7788844529561394
-0.45895953842325377,-1.0,-0.2900077731903548,-1.0,1.0,0.4819732021561002,-0.38101223308366705
-0.04832112834929275,1.0,-0.12443788245008405,0.054648615572366555,0.21179204318844808,0.07723997621489936,-0.28899837819183377
-1.0,-0.09658888492379103,0.6911263475142067,-1.0,0.3369610522421504,1.0,-0.670934935385285
0.03765520868926925,-0.03659576751909274,-0.6938839113848737,-0.33258624260484504,0.753484787396628,0.2183730091070054,0.273606858372205
-0.0881857258362732,1.0,0.17225784079176393,0.1590198412089836,-0.20823021013401216,0.3403431559321036,-0.04419106437649135
-0.0877747281180076,0.08923850147603013,-0.22133712203135536,-1.0,-0.5919606276166405,-0.44650592444572884,0.2664535817425971
1.0,-0.5390446499283383,1.0,1.0,0.48028398768850955,-0.6945320325201962,-0.25998109853991325
-0.1037784100468927,-0.32794600520400574,-0.5923273793332255,-0.5384214089231186,0.8584688215382313,0.5245087724665698,1.1753322869091563
0.4698249901068372,0.8958682934520916,0.032777510910954266,1.0,0.5531772698814907,0.556437796547016,0.9455939618047292
-0.7918845141751943,-0.05820107360147886,-1.0,-1.0,-0.3326271516989875,0.8020264430757312,3.0394380778061376
1.0,1.0,1.0,0.3188202897916661,-1.0,-1.0,5.697531364405996
-0.3931943079693834,0.17817077720327165,-0.23517358949874734,-0.7832265217403,1.0,-0.15668491772391696,2.386684296260759
0.6361308586789505,-1.0,0.4096975863418338,-1.0,-0.6088602212802521,1.0,5.676719108442571
1.0,0.29017270616723456,1.0,0.8634526549516195,1.0,1.0,-6.472819976755258
-1.0,-1.0,-0.42701292494837717,-0.05786976683349754,0.7407716828170136,0.03552203360278547,0.46370081742055225
0.3811733006748941,-0.8467712335308824,-0.3132094623510207,-0.5917496363003405,-1.0,-0.6485295578731682,5.338819378799156
-1.0,-0.39113063280536786,-1.0,-1.0,-1.0,-1.0,3.870128147708942
0.28373913581420845,-0.4154508770216784,0.38035756727587555,-0.9240861214746998,0.5773263044762924,1.0,0.27997426687233695
-0.15915275851394273,-0.04811445316610766,0.5898266434925122,-1.0,0.0264167498601367,0.6468467107432271,-0.4945946625589
-0.773622957952337,-0.21986171719128278,-0.5285351363910061,1.0,0.44742271022132457,0.4145036855916134,0.4408237767125758
-0.6222376392795114,-0.8065423968083851,-1.0,0.691721020125611,0.33228363084970125,0.18214416520072674,-1.9100893621000246
1.0,-0.9283237075420092,0.37706224940079985,0.3124405162502229,0.18818470625008782,0.8789156668744911,0.6066470093875663
-0.6326768958718436,-1.0,0.08107654923800545,1.0,0.2274254786703357,-0.6106903824902488,-0.13454821629473954
0.3001222835751649,0.26917288417372315,-0.6765345000875231,-0.5418131859891925,0.2567434379649791,0.6697879821400174,1.750235763775331
-0.27502967219592356,-0.09520131695991552,-0.34814634951006185,-0.8985474584297743,0.7627403804710825,-0.6237369601655228,1.0134705376970918
0.28001967835129016,-0.7322806088015654,-0.6104403346516655,-0.3836752570061802,1.0,0.23025022508974768,-1.3100114957804816
-0.13638970521494115,0.8736392215623491,0.2345632218289818,-0.6621767235585125,1.0,0.4954797918770038,2.97648393643778
0.22392058831335898,-0.16225730747332007,-0.28952167962023356,0.5126905794379676,-1.0,0.19518926109969292,1.5570681440894787
-1.0,0.531772630626451,-0.9390547401062777,0.30261888663519054,-0.034453830438656935,-0.3318810776553797,-0.2167144871976543
-1.0,-0.891681849555944,-0.12111116385912091,-1.0,0.88508699927448,-0.7024745314948091,5.573709265100734
0.7383750727445456,0.5516986006237865,0.13333215021282224,0.3623209912592795,1.0,0.7564047029658716,0.15751422407012194
0.42949599950268724,0.7073511193959858,-0.11582855223185418,0.04991530409857581,0.46198819978895933,-0.04181011867199913,0.2835741963071319
-1.0,-1.0,-0.056412334275466616,0.12874373014549167,-1.0,-0.15533817961616497,-2.133792295863532
-0.04696415014025071,0.898256027113224,-1.0,-0.8995525575282739,-0.5207131131676599,-1.0,2.2051604959836157
0.16775790807709776,-0.2868201261423426,0.023368246999021514,1.0,-1.0,-0.3873428863059565,1.3270054391401283
-0.5668910237527256,-0.14524890952552671,-1.0,-0.4720306825983973,-1.0,0.37069650581297037,-1.4069681713172852
-0.9095370132812666,-0.8590833627199878,0.09749388121284835,0.08918099654752804,0.35325721204398497,-0.024505904918008855,1.1449866228018744
0.31583746487665154,0.9048254715430752,1.0,1.0,0.2755898378195081,0.462665246876831,-6.193652634383917
-0.4487892663577706,-0.2761222018920873,0.6775359328241266,-0.46323377710220703,1.0,0.6980881763764466,0.34730870305082095
-0.5904442672318946,-0.24164433072233127,-1.0,-1.0,0.385063414075987,-0.10537439062446774,-1.4021996616929926
-0.6393901273540439,-0.6330271881369276,-1.0,-1.0,1.0,0.14883633505324045,-2.6707996869519537
0.25753961526928715,1.0,0.23305059858734345,0.877891006354459,0.02919321261435326,0.5937950095442903,-0.5671712101145487
0.6977060364485205,-1.0,-0.47999004551437574,-0.7188644529859223,0.12925858874970053,0.8440660687175914,-2.499479951450353
-0.36797230530414254,0.23867654841308522,-1.0,-0.7688139271067771,1.0,1.0,8.701613447673852
1.0,-0.0997816314383223,0.327316695806121,1.0,-0.10493515806589371,-1.0,7.1754536509880165
1.0,0.9140971594237968,0.6438784515122271,0.5744686160663519,-0.35909683178347707,-0.18033999276562906,1.090245744353621
-0.19208522546491258,-1.0,-0.3726080275908965,-1.0,-0.05363551373873321,0.519413993657198,-2.021602604015236
-1.0,-1.0,-0.5279533172996349,-0.15115911385884617,-0.705954408187041,0.28237901993857806,-3.9345377263667567
-0.31153103988792474,-0.09433421120830243,0.996503914824762,0.09845283977720218,-1.0,-1.0,-0.8773929994081133
1.0,1.0,0.6912002898471055,1.0,0.8429377460481647,-0.04976463811215026,-4.410248334933421
0.16412602882519534,-0.16561732208587454,-1.0,0.7862004466614932,0.9684014159530587,0.8600824962537748,4.435093951996968
1.0,1.0,-0.4128448859240432,-1.0,-0.12008973248196605,-0.09951805098417582,2.237909681054996
1.0,1.0,0.7996076263275353,0.6797989545012122,1.0,0.9206572515483724,-5.278296724396096
-0.03946622525122784,0.0305874103521806,-0.603898242361552,-0.5759218235875527,-0.5382544669532168,-0.9897124503904668,1.1279988027296335
-1.0,-0.2971915876599731,-0.8903146053982269,0.0576407490088211,0.23567893950674002,1.0,6.165802963872982
-0.15906510138555058,0.6064177186724278,1.0,-0.3391555666963657,-0.09618499034200612,-0.16564311752659194,-0.042720822234486366
1.0,1.0,0.5760673842616739,0.8838490739509235,0.3514636589251461,-0.5201700897862924,-0.6809498951859523
0.8051383963196213,0.687177968765728,0.0039043111763497063,-0.20029741500622805,0.13687327583802256,0.09314695238063508,-0.5970090723086534
0.31291520970847975,-0.26115340910589735,0.5097181284388659,0.293208121609954,0.16330463682892088,1.0,0.7785732031098742
1.0,1.0,1.0,1.0,1.0,1.0,-9.839286992565889
0.6788152228011036,0.26804206472124353,1.0,0.14513686903118295,1.0,1.0,-3.5989368597612454
-0.4295801037627356,0.982121467065067,0.7930790122516459,0.7459076786309037,1.0,1.0,-0.5944308186911603
0.9658840040095091,0.4961240834166475,1.0,0.915339469244345,0.7370561390380657,0.49627684046439113,-6.071150180885986
1.0,1.0,0.5157920911256622,1.0,-0.04839338695482796,-0.12801500241117314,0.3921044679655642
-0.443109500480942,-1.0,-1.0,0.003617175972223441,-0.35063399063590106,1.0,3.499981673226283
0.22771215691110624,-0.5634553562753094,-1.0,-0.42903327247641543,-0.10447538475369023,1.0,4.782912956744907
1.0,-0.795612806915496,0.7305906130880179,-0.0257901996278454,0.8908541625908357,0.0342804402129232,-1.5848201739643972
-0.32371342247786905,-0.9404061872777589,-1.0,-1.0,0.4707787576481487,-0.32841089299771054,-3.5883738420726705
1.0,0.1210329351130699,1.0,0.7360136914939708,0.9885881257719391,-0.1928592729384621,-3.4640163013424603
1.0,1.0,0.9219361515667586,0.3761757811477868,0.12742093206205152,0.4018340154251964,-2.847907103693216
0.45868178052269104,0.7546565100121592,0.08234951965068094,1.0,-1.0,-0.08472922969504725,2.3012996158015655
-0.08532868665895937,-0.23393899215596292,0.9973334381231206,1.0,-0.2242316596141996,1.0,-2.230526799009474
-0.513378958675464,-0.6854009204647231,-0.06369757676944166,-1.0,-1.0,-0.9359596995201669,4.258120594159244
-0.30012957923203576,-0.0010588085927664692,-0.18059137103293743,0.9488408186599793,-1.0,-1.0,0.9420095774855027
1.0,0.3353786123217126,1.0,1.0,-0.236312473547448,-0.6486305375972486,3.159042554337612
-0.7979751582497461,-1.0,0.1707238966990125,-1.0,-1.0,-1.0,6.558367206682814
-0.049428587351704634,-1.0,-1.0,0.051018336365829975,0.953664064855424,-0.4699287856008428,-2.3961242889482977
-0.8891077141379023,-0.39241090359545794,-1.0,-0.7422485979282156,0.2055620944872386,-0.8212192214712346,2.6925175659290717
0.02706110231511495,0.7134619289694561,1.0,1.0,0.392953603940288,-0.5001934065009245,-2.6574939501299215
-1.0,-0.948713158523106,-1.0,0.5217977415228312,0.08166835527537125,-0.7326632989148969,-1.2881487895480817
0.049668387673196035,1.0,0.8677912765733682,0.24154021352341504,0.7848056648769424,0.17919789576076267,-2.9432796803094257
-1.0,-0.9289433690491946,-0.24688508231589668,-0.39521299451195246,-0.6423646944161419,-0.10429656823970568,-1.10527923983804
-0.46551291886653956,-1.0,1.0,-0.46879200202596794,-1.0,0.7398022969920435,-0.3317372511279856
0.5376124346648335,-0.9040071823142242,1.0,-0.5336021665049173,-0.24740856374665088,0.6272186391105399,-0.6262125958552454
0.406055945191392,0.09680961017063588,-0.015222077301742631,-0.7738821771889635,-1.0,-1.0,4.191066393933922
-0.9746141720090704,-1.0,-1.0,-1.0,0.5106964589735796,-0.866139985534062,-0.09640229663690689
-0.8204251187381106,-0.1779709425770556,1.0,-0.925534474910733,0.5275058411990649,-0.29063600167853226,0.08624501972235588
0.8136051125505581,0.2972927372026353,1.0,0.9342989377419888,0.5645356090793869,0.7653332927801277,-4.537030693982376
-1.0,-0.1424281433243677,-0.9575219421333419,0.6227578571397507,0.6990085287369727,-0.5267949693170751,0.4200625148798516
1.0,0.19940685309836548,1.0,1.0,-0.754402525842351,-0.9195876234186509,6.293406118161267
0.9899991407241696,1.0,0.4374535310959386,1.0,-1.0,-1.0,11.098399213804086
0.3462842163611023,-1.0,-0.8840148343276562,-1.0,-1.0,-0.45823198146215927,5.684590602803271
-0.49644129232256884,-0.19071026677848352,-0.6376232241541607,0.5443397622956562,-0.7356983055183361,0.5484326415835696,-0.9559556582873485
-1.0,-1.0,-0.048450859195692475,-0.3167421359756972,-0.15774283874914655,0.42994941003484316,-1.4009007476312803
-0.4060703178466425,-0.11257721211015093,-0.22323923123663036,-0.4449057926525718,-1.0,-1.0,0.3135597344165198
-0.78311870846914,-1.0,-0.19053960482318139,0.022884594959915933,-1.0,-0.279074652204524,-0.8904480709370778
-0.29397558124070006,0.6293663684829157,-0.3388240078692284,-0.15699657215044815,0.45060891574147766,1.0,5.247298272808708
-1.0,-1.0,-0.5425033604231133,-1.0,-0.9038296863433246,-1.0,5.312557881590748
0.9793015779275781,0.41492303929768326,0.18454760188706493,-0.21471076926169125,-0.42266493645052927,-0.7502680740138445,3.838880717173582
1.0,0.2362136011095879,0.8643272491049221,0.013911011385056904,0.3039222671896654,0.18611015186433508,-1.137266912402706
1.0,0.8752632191004044,0.9903624070261626,0.6455719799139308,0.9458840379016997,-1.0,-4.409391755175763
-0.5997795174669736,0.6561452038723763,-1.0,-0.5564713705266982,1.0,1.0,12.441837448061865
0.6166624999500854,0.3752650987436677,-1.0,0.7797505273176036,-0.10989859797206208,0.43366619679571283,0.8824786890946423
-0.005862839155313715,-0.5772212352061179,-1.0,-1.0,0.8031514928836061,1.0,3.04591263454896
1.0,0.38516991188662253,-0.07395904845034429,0.18047634355106612,-1.0,0.2753588582683163,2.5066578705927496
0.915113494357935,-0.7995738297847508,0.4244177470200113,-0.6420915958735974,-0.05329321984068813,-0.7341996201065566,5.4917625056256965
-0.5539450377862817,-0.031883861298280414,0.22411609587119766,-1.0,-0.6259701712657213,-0.6091634043177221,0.07657679665859307
0.06633504873655527,-0.5270071779711721,-0.4295133039565874,0.6610521393445521,-0.8137896990956042,0.5462812059301296,1.8168887944606662
1.0,1.0,1.0,1.0,-1.0,-1.0,9.090783252660374
-0.2102719228340819,0.6005456305559564,-0.20920218851836098,0.22558950702310432,-0.7766636294785819,0.44346352630581143,0.5530317152045517
-0.18208108981918103,-0.5229730449632124,-0.34892444872601663,0.5197884372721803,-1.0,-0.7943816321251669,0.11748582236070093
-1.0,-0.7539278692664992,-1.0,-1.0,-0.18653572764225002,0.3505631576049656,-4.323072521601573
0.9375613177346644,0.1751132537353175,0.047681468859912535,1.0,-0.49326900938704465,0.5097546639101846,1.9285475481512506
1.0,0.4790580487835068,1.0,0.1280652338215641,1.0,-0.4732449437116868,-1.6578799646742282
1.0,-0.33899894628025756,0.4767266939658441,1.0,-0.6724745965406195,-0.6310610633054069,5.3879348838329735
-1.0,-0.4541578319885442,-0.8879153396166168,-0.3168584474942746,-0.636669758038473,-0.1635464391010732,-0.8981351651178153
0.8602002105666741,0.7656023081742002,0.5116820410220931,1.0,-0.4922015206560435,-1.0,7.140143655670368
-0.10001850731844208,-0.14608558671017935,-1.0,-1.0,-1.0,-0.4426955607939136,0.09346462597022492
-0.020271982262474175,-0.9633229424966873,-0.6885761438001538,0.4910179274392811,1.0,-0.16188810672442977,-1.9481961395929126
0.4085110626375179,1.0,0.5357859952829311,1.0,-0.25327441080913815,-0.5102858231442124,0.9930028739875881
-1.0,-0.14426470552076853,-1.0,-1.0,0.04569264546924623,1.0,4.257383369399301
0.2803242908627268,-0.329869347338661,-0.5603062088716055,0.4507886618803702,-1.0,-0.9403209578630313,2.781417782255784
0.30895791125190447,-0.6026946445943653,-0.27259087993369746,0.38516452868786566,-0.09448676091926311,0.2211417425688822,-0.1279792942143851
0.008511905777238926,1.0,-0.03259130567276691,1.0,1.0,0.7240067365070156,2.11914409796256
1.0,1.0,1.0,1.0,-0.6309764706903878,-0.20075391430246703,2.353987000647438
0.7955840329553248,0.38678388780495954,0.2792839593880708,1.0,-0.2391795634186955,-0.03782597403198029,1.0500138725124901
-1.0,0.13427494108340143,-0.9649190009536687,-0.1295015703998772,0.8268217762144932,0.7249824951988562,3.931726653394108
0.09383288913178633,-0.412890829971124,0.6297095444827692,0.24133175431580867,-0.46942450498139193,0.25257422787663414,0.9518661198148286
-0.6614321050452872,0.43209968039878766,1.0,-0.4171637905160345,-1.0,-0.4435400119154753,-3.1770335811781747
1.0,1.0,-1.0,1.0,-0.24647766453975284,0.19825028231797392,4.515930214204301
-0.3436461915717649,0.8946459994598397,-0.7793433071464893,-0.19642271158305347,-1.0,-1.0,0.2577190798727996
-0.29842847350514257,-1.0,-0.06499040065872741,-1.0,0.7234577598399751,0.301271481857891,-1.546928804344556
-0.0674365147524584,-0.21860707986079708,0.7133537442856062,0.6736905731118432,1.0,0.12710238953492392,0.5156884228729968
-0.8123573775410436,0.6382178855564423,-0.7318777420870406,-0.2113067451904288,0.9064535491547968,-1.0,4.301528337147447
-0.023052008970778082,-1.0,0.23411486998402253,0.12092990236293905,-0.6996721848899667,0.17891239645920765,1.2211055640548478
-0.44562633903962423,-1.0,0.037261710194497755,0.08195247092320868,0.6889063423335523,1.0,3.1944733045345663
1.0,0.46474517955278016,0.06734743233615759,0.6142837541618149,0.2567550150404829,-0.7036879945141834,1.7188345799210363
0.06336071905262464,-0.5438220040899817,-0.26039199324123086,-0.13238119246935964,0.951773235164956,0.15472664005764214,-0.7087731676096325
0.06111129172315444,0.2536502172073123,0.5764189382464642,1.0,0.17216127320456776,0.9811155661234305,0.426560115196831
-0.8114007619439959,0.6605252526312104,0.6775077599817132,-0.4229698397829677,-1.0,-0.0992730735060714,-3.775081158981881
0.7774085145834019,-0.029729338023182228,-0.2333500964909579,0.4682270315133237,1.0,1.0,1.994113191750053
0.3323237749189907,0.11646227373859852,0.6262148358153798,0.5527244359716119,-0.7416508684230446,-0.7115099695194973,2.8969729377403532
1.0,1.0,0.07276994089987598,-0.33762976178330617,0.44630053946269177,0.5908083639926426,0.5974682004851252
0.7065088128464048,0.8456482524020732,0.8614055911730707,1.0,-0.27933040161359735,-1.0,3.6678128284234854
1.0,-0.18316702261305517,0.4445869500734555,0.5730673040312451,0.05385867305398229,0.44651758264408115,-0.09499261028321959
0.560731373733098,0.852136866926883,0.3354729558722696,-0.22628886875333837,1.0,0.688487778098787,1.1121032205378896
0.7466466195011614,1.0,0.8210739549714348,0.2793121135509218,0.7560479769885904,0.9161875818426011,-3.481290262518405
-0.7664729509886423,-0.36257288761452267,-1.0,0.1792598953761857,-0.43017254989162435,0.5361800611698351,0.05919590367013444
1.0,-0.2772057260892389,-0.4450167971330968,0.18808505814744478,0.17549750335910663,-0.6184825389401025,0.3163205387563795
-1.0,-0.5248162677452981,0.24825856425014092,-1.0,-1.0,-0.41762986367508836,2.117228388652299
1.0,1.0,1.0,1.0,0.5070875715900693,1.0,-8.345257264782639
0.39805089671560046,0.7909641501349548,0.06189941513803232,0.1394981472055803,0.5682507646678783,1.0,2.241915746309676
0.6696489228934681,0.569870391942336,0.9023189139330724,0.6256209090626207,0.053713136559936814,0.6626901778885712,-2.098319934476182
-1.0,-0.8752722168759806,0.3964156389386523,-0.8693679993462963,0.8535888600453108,-0.9796414741991795,9.183047524691156
1.0,0.96693818499181,1.0,0.8443370369562175,-0.9591521818041466,-1.0,7.008284692930102
-0.4061540379077184,0.09802771592647175,0.4436614074817697,0.6086307814204125,-1.0,-1.0,1.353854965451407
-0.9961354672545308,-1.0,-0.3007911228521605,-0.3132524998275781,-0.8485144781283973,-1.0,2.2855414243566696
1.0,1.0,0.6570504584235448,1.0,0.5297848082049273,1.0,-3.622407813337035
0.2669214411923799,1.0,1.0,0.5445936073363449,-0.23454910819221997,0.8432770534804318,-3.2548918551410995
-0.6495059997445953,-0.6511199670619603,0.046398234025833096,1.0,-0.6750104762425985,-0.7992290020614524,0.38341702208906103
0.055390309495582615,1.0,0.2567795963215534,-0.08430639809860302,0.280032059985581,1.0,3.8037690956745833
-0.07742297319640784,-0.727915288861906,-1.0,-1.0,-0.555423579781798,1.0,3.784864197083575
-1.0,-0.2966316705840102,-0.09238709783295479,-0.6182083678271034,-0.48888394049023365,-1.0,1.814530431965454
0.13309088385108825,0.9689356324829573,-0.8013883137343902,1.0,-0.6010442151784186,-0.7065656788448349,4.916986068422873
-0.6399641003790242,-1.0,-1.0,-0.7364870495738773,0.9496818291725354,0.3349941421968319,-4.38435518993942
0.08373393992966283,0.38783187968762944,1.0,1.0,-0.8285091853815716,0.3263826028737369,-2.1264372732301395
-1.0,-0.6514559634769007,-1.0,0.4335475704695536,-0.058344044715354704,-1.0,5.148478988064292
0.4293704876915465,0.02355273217677295,0.21348311453728464,0.2072663181120239,1.0,0.9926024227883283,1.6010778545554851
1.0,1.0,-0.01032813335020788,0.4426634254978742,1.0,-0.09351849759610034,-1.1852604876699224
-0.0690421253698944,0.39335213883889447,0.767808947831687,-0.5590529937690298,-0.22911663480520894,-0.9836286579555542,1.8556910035550387
-1.0,-1.0,-1.0,-0.21245006952669931,-0.5832586544257299,-1.0,2.906711684490298
0.01634499428309255,0.7252247758848909,-0.3159361894559082,-1.0,-0.48823818002992386,-1.0,0.9110453691471445
0.42823895262973144,0.681153619139853,-1.0,0.877005980155786,-0.4778152758900409,-1.0,3.8824120944947214
1.0,1.0,1.0,-0.045364264609919824,1.0,0.4126010880291712,-4.610678395359404
0.10656307104128926,0.7370827478468795,1.0,1.0,1.0,0.19636486479316095,-4.860866946238869
0.4318910281508015,-0.6529822253664359,-0.08924079672468965,-0.33488865390426437,-0.7973255298257365,0.3600888999757378,2.1322344164353026
-0.2061276347889227,-1.0,-1.0,-0.3803665310581392,-1.0,0.2165761176968104,-1.6195285830538881
-0.7237802503256167,1.0,0.585774542187349,0.948832597194632,-1.0,-1.0,0.12026178186526848
0.7704429006334669,0.6001809939254044,-0.8493467886075634,-0.13924034075119285,0.14796960207475626,0.020627568535053653,-0.2127192211003156
0.9500351443475759,-0.12220952102737076,0.35784637092796695,1.0,-1.0,-0.24756992444743786,3.307195962972424
0.7182675324684723,-1.0,-0.6696120201247767,0.2200500751694779,-0.4440526494658472,-0.19392426773953786,-0.5009671018244964
-0.8801729016648535,-1.0,1.0,0.16953134882866544,-0.3741418091151143,0.475697745560508,-0.17231187760602107
0.03070193005110039,-0.12913963636326425,-1.0,-0.7238213158565667,1.0,0.20856854516983347,-0.8917358637716277
-0.404991546760492,0.6121848474664662,0.8117368835891858,1.0,0.3011029752430354,-1.0,0.9248274348630039
-0.499975327480991,0.43828906301612436,-1.0,-1.0,-0.19122171861901005,-0.2630214169568704,-2.05187347281137
-0.3827822174873534,-0.5848358357985652,-0.21497037660520202,-0.9088802648616423,-0.644802907364023,-0.16782149379396905,1.1964444959607548
-0.23937044915031191,0.34482205764599083,0.5332315553737376,-0.23938597631966663,-1.0,-1.0,-0.608339803686778
0.021130099709538497,0.04069829668647862,1.0,1.0,0.7028589829215786,1.0,-1.713678211206558
0.7092647684246346,-0.370423355932457,0.24831424464280438,-0.9838109491305465,0.7270567800479474,1.0,0.6134139502907214
0.14419923097273868,-1.0,-1.0,-1.0,-0.006131193728230455,-1.0,2.487159141808451
-0.7406778782137444,0.42439197349817714,0.9176941560448606,0.24905297338865118,0.6523587958557506,0.4643780337142852,-1.7630483026529333
-1.0,-0.4515487117937088,-1.0,-0.8031854485147878,-0.6871904506615807,-0.884959958763599,1.8802272356410659
-0.44672000870322776,-0.2592733355512611,-0.9618346228082573,-1.0,-1.0,-0.003880664924267113,-1.3898574720654986
-0.7822263634972489,-1.0,-0.37620689149947006,-1.0,1.0,-0.53886963009054,3.2774422363403373
0.9821150489024261,1.0,-0.9040399068601451,-0.09314614105609953,0.43746636028623476,0.6035783177077789,2.811032202515913
0.7370203097443382,-0.9446043119743139,-0.22112691823499198,-1.0,0.6825457993073561,0.2774074957225536,-1.9614790109124374
0.1408697827939176,0.4308028437156375,1.0,1.0,1.0,-0.17760954447030278,-2.575329751183723
-1.0,-0.35805009290266865,-1.0,-1.0,-1.0,0.42816457664273355,-0.3366131716030032
0.7317344800896498,0.7280483826287237,0.9104663546581716,1.0,-0.548756749154566,-0.5925912120768282,2.49026399736552
-1.0,-0.6556684142006142,-0.8414976457100725,-0.2112420102273309,0.18572940917316505,-0.5801783974123522,1.5424313027215064
-0.4487178699041959,1.0,1.0,-0.5006490871312395,-0.0721699904927382,0.24626958505458407,-3.75340910445251
0.512909700198222,1.0,0.45262457374428017,1.0,0.20116584235795398,-0.218468900035931,-1.704151116965476
0.8465422615090104,1.0,0.40447733109725065,0.7139320611978044,-1.0,0.014760572683545914,3.0868322203084455
-0.04442497729503647,0.058053536226277846,-1.0,-0.8823399416547804,-0.9159739155161711,-0.5252677163397338,-1.14832710344155
0.8851751510091169,0.3812690329303984,0.43073521718236,0.21867006312695242,0.6209633625217834,0.9797243582835204,0.35400674129062576
-0.314680430559932,-1.0,-0.008198000169973518,-0.7302905427372417,0.10635371700676655,0.35915614748596103,-0.664643992716636
-1.0,-1.0,-1.0,-0.5145399883007826,0.28566910011597435,1.0,1.1024936642141565
-0.8394042192980699,-1.0,0.05717736717508573,-1.0,0.5015622413792897,0.9178129712570098,-2.2475749200033426
-0.8661741256674584,0.12672386183918405,1.0,0.4652231600522152,-0.2602540074373678,-0.6690889283184875,1.2195993110117747
-0.2619699877073809,-1.0,-0.7849923423193925,-0.7318478870932075,1.0,-0.5679140723927827,-1.3834908206372396
-0.6879795517368587,-0.349974901218432,-0.756439678589854,-1.0,-1.0,-1.0,1.5678538522386387
1.0,0.23543215487416513,0.49049863468449295,1.0,0.5734482537339248,0.5986285425000657,-2.6693773036761095
-0.32407515448904944,1.0,0.9523674898958221,-1.0,0.1168627416647125,-0.6567032910237023,-4.44414317695613
1.0,0.8220358156211272,-0.9055756717585505,0.7736605809257919,1.0,-0.8550415198714856,-2.62851756287695
0.5779704881846653,-1.0,0.6784986345947589,-0.131017250064408,-0.2606494770290424,-0.7389262767981049,5.932911119573365
-1.0,-0.7427159531175577,-1.0,-0.3689696794989844,-0.53846885443265,-1.0,3.954310082735992
0.161142688407229,-1.0,0.2222886227622547,0.7848277522895439,1.0,1.0,3.515675130020588
1.0,0.915627375613411,0.1862023659138028,1.0,-0.7636357993969499,-1.0,10.707692665400579
0.6453456492584426,0.7798761449417533,1.0,0.2492515648306517,-0.1611361661056468,-0.3985820023795721,-0.44994055193772875
1.0,0.6001519128293402,0.8656048554092042,-0.00785806974633392,-0.5651597939569997,-1.0,5.776207030274049
0.29164815880294237,-0.4004630541482026,-0.10231849892619686,1.0,-0.72951484896622,-0.6260844631588369,1.7785110030140496
0.970097875918429,0.001504232713534559,1.0,0.06677303695003112,-0.17510612395130176,-1.0,4.884017854194132
0.22883298045290976,-1.0,-1.0,0.023589826240021705,-1.0,-1.0,-0.14583535591270036
0.2871769714970241,-1.0,0.4849797037743401,0.039763134441986925,-0.04451285965198529,0.6419592904405248,-0.24817668226604828
1.0,0.09437934889540656,1.0,0.8393749396935076,-0.9426250858482217,-1.0,8.40851738846329
1.0,1.0,0.7685901153871935,0.2017095232857089,1.0,1.0,-3.915334877736339
-0.20547538451621472,-1.0,0.3271921134527816,-1.0,-1.0,0.9474704069875431,6.283126102136177
-0.6159743850702902,0.15726390724583594,-1.0,-0.8645525646023489,-1.0,-0.35990553708161876,-2.2923473743390925
0.38713482112105746,0.26922978523588825,0.8835789285336231,1.0,1.0,0.37331314465129894,-2.969593513114243
0.24409457002930046,-0.9986255668515859,0.37829938719852096,0.2640871464123934,-1.0,-0.5177857104446804,4.5324798364231516
-1.0,-0.7599427291940611,-1.0,0.20814253103691072,-0.5931949805417358,1.0,4.2799424125136305
-1.0,-1.0,0.2886940365950884,-1.0,1.0,-0.5196332793751968,5.737496907433126
-1.0,-0.4734528603242665,-0.45026495818836776,-0.25736772028294386,0.7620778111248754,1.0,6.110090058581548
-1.0,-0.9439541404581293,1.0,-1.0,-0.7211169885075173,-0.31170038335090133,2.718136061147428
-0.02217250970174303,0.9880742492227607,-0.40951781343862975,-0.10716182621888948,0.2386326946809989,-1.0,1.5702550205012638
-0.6450453483625309,-0.0845669538611662,-0.45248065157591283,0.6664739578040138,0.44221121339938424,-0.38520503753241153,0.6743803136131126
0.15819548296700403,1.0,1.0,0.5332621992224649,0.5995792323217473,0.3242883528145884,-3.773643722808946
0.02451858592277889,-0.15411818962980006,0.8874202321968248,0.10169953618356048,-0.6141380627282245,-1.0,2.581100268192928
0.46401351690570747,0.08865984201033017,0.3033355911355903,-0.5651004089640184,0.8820704731317157,1.0,2.011352059928334
0.09799969855324084,-0.30116710445006134,-0.18131610646559018,-0.3625573012725151,-1.0,-0.9659145138260272,2.3302084141836024
-0.20499508625967855,-0.7227772290293264,-1.0,-1.0,-1.0,-0.09699560672671392,0.7326589847446753
0.3468807425710081,0.11265004416881352,0.4478587049655749,1.0,0.4407218638585738,-1.0,1.4872531185335263
-1.0,-0.35131111847856844,-1.0,-0.8160698052049118,1.0,0.2040411417974497,-1.1723430854791086
-0.6489564435812925,-1.0,-0.9965514939370834,-0.9383482468039919,-0.8020953716859621,-0.01733537934734075,-3.118541135571356
-0.11976029049912862,0.958290593375517,0.5306678426351872,0.9715194525066516,1.0,1.0,0.7671598322475492
1.0,1.0,1.0,0.9409815037448874,0.18487657728557633,0.32276246780984114,-4.165970234060485
0.6206630132078661,0.8006658401086664,-0.06037545442256159,-1.0,1.0,1.0,6.605193748087883
-1.0,-0.5583736779158339,-0.615954833630562,-0.2605583574111922,0.026382962881155825,-0.5119194312007928,1.1018860149365723
-0.06767665043775706,-1.0,-1.0,-0.8339264458648461,-0.19616947033178367,0.5098074477969992,-3.3342699852203026
-1.0,0.4704323131699309,0.20738446207490968,-0.4422685695834052,-0.37946374749541967,-0.48392674199095054,-0.621579996181814
-1.0,-1.0,-1.0,0.37661538687392043,-0.46983873737846943,0.015430704908046461,-6.176945539725078
-1.0,-0.08711196399307841,-1.0,-1.0,-0.02150039062907927,-1.0,4.796700442832475
-0.4001214172671348,-0.5399964009433278,-1.0,-0.766199939544888,-0.7936368169734109,-1.0,2.966506152882715
-0.21576018511169417,0.029003736106456568,0.6146030152196298,-0.21592193287035066,-1.0,-0.3045606475790773,-0.4677321171060378
-1.0,-1.0,-0.004455324526142723,-0.6224104253445659,-0.9218607005519575,-1.0,3.2773340006758116
0.23590769009008794,0.7961522411088932,0.6523035818870854,0.1665426156353469,-0.10605764331178064,-0.21224587138975148,-1.4950349893768924
-0.2457306910631396,0.021383321753647322,-1.0,-1.0,-0.21642424559119144,-1.0,1.9277270699516893
-0.27121807867754066,-0.8507779480558169,-1.0,-0.19354638919484124,1.0,-0.9216015032663322,0.6103977339022184
0.6145214101427571,0.21255261792588764,0.6524798889416952,0.6314628162113974,-0.8292554476708153,-0.11394184611989633,1.1993498732425976
0.3260580005089,-0.06338758119926535,0.545007989888226,-0.3694957056119889,7.885105769411815e-05,-1.0,3.560084665269909
-1.0,-0.3640736216439565,-0.06362850587961821,-0.32927991093507886,0.12890330967116337,0.30377954330112544,0.7333446571982604
0.4310638855793205,-0.1307247056306521,-0.058920505338695195,0.5872578348601876,-0.7422164480847244,-0.08589990473639231,1.1014904541557677
0.27762079372356285,0.2365559963933388,0.07692542649229939,-0.46490839411758195,-0.9767377037871702,-0.6253438095037063,1.5735716468626009
0.296310703473867,-0.42325453326455925,-0.06258472924730812,-0.42833967387286376,1.0,-0.920913185964778,1.9808166278501231
-1.0,0.06976998829296727,0.6980586995081204,-0.443321960852078,-0.5456053878399846,0.05448968640216796,-4.061218500664428
-0.463737800669615,0.03038314284984256,1.0,1.0,-1.0,0.47414265867372934,-4.983448825053958
0.4965659399829321,1.0,-0.04659932987711768,-1.0,-0.7636388825080305,-1.0,4.480638144979735
-0.012673521587290959,-0.42919189405522173,-0.28114686139145406,-1.0,0.1925510027778756,-0.8263829533733077,3.1000278361376976
-0.05003290727096377,-1.0,-0.914855166046199,-0.7764979231253125,-0.6365373432425692,-1.0,3.5181954355906884
0.515814732712944,-0.919849661771704,0.16291812798401883,1.0,-0.6151143632909345,0.4978473903217291,4.740636235637744
-0.38066747860782546,0.38938315457121914,0.4251483215500656,1.0,0.532877116248695,0.6202284498946127,-0.17364472169277073
0.4815606865290874,0.22533938402439962,1.0,-0.5241012774436431,0.2229048284149643,-1.0,1.7788375675549972
-0.3798322247768592,0.4971301720763405,-0.8910372501563174,0.774974776610672,-0.1274213226662968,-1.0,2.9551955411180577
-0.739353159873338,-0.9191561257419194,0.2683310590381745,-0.6282507427487026,0.25982642480872326,-0.5045056087947344,3.3592568616352305
0.43368414507405095,-0.9826488379324807,-1.0,-0.3184857630277256,0.6338015607740095,0.48325454759834696,-2.971872256825362
-0.26532761915696224,-0.8454529032182121,-1.0,-1.0,-1.0,-1.0,5.483314155692532
1.0,-1.0,-0.2933352799509803,-0.06831469819175734,0.03424281644926641,-1.0,5.003245324373082
0.30287515403469,0.3212208701320254,-0.6508125341414241,1.0,-1.0,0.6370473279671096,2.756482024787966
0.17810588856873016,1.0,0.49594756431043274,0.7229504443612003,0.6999484486765337,1.0,0.060412913927789275
-1.0,-0.9211089285477994,-0.7949763331806162,-0.39615279046092833,-1.0,-0.5706066556397597,-2.421298282629721
0.1160889187485461,1.0,1.0,0.6234238940199216,-0.08361960977582261,0.6420424923312357,-3.4523799495323777
-0.005940478401252003,0.603450768348694,0.23802164374958346,1.0,-0.5463262177066519,-0.7723855471345061,2.0502092931810694
0.3261714382633613,-0.321250914844453,1.0,-0.23548507727827891,-0.5947323607402875,-1.0,3.163646557826398
-0.24987376907736525,-1.0,-1.0,-1.0,-1.0,-0.933717409309966,5.968347330802602
0.9493326668395197,0.35306366544448353,0.7696395658310102,1.0,0.28130992561898416,-0.25727001553980633,-0.6712015887170114
-0.6049990990118226,-0.9283459566840814,-1.0,-0.3173913918246185,-0.30072939619592876,-0.4330272282207972,-2.268630944363461
1.0,0.3240537640616736,1.0,1.0,0.018430083330574498,0.14482877721109627,-1.4034939207888806
0.13280913242344328,0.8979033163927282,-0.3935220292376078,0.06612020961353493,-0.9561993731481822,-0.8456655494436487,0.3134519040087328
0.14024885254322006,-0.8589366370369189,-0.8482609420118021,0.6993344711253558,-1.0,0.24869136372909195,0.9485620237634925
0.4496057623358488,1.0,-0.4449419154901595,-0.3305125093452426,-0.5289575557865149,1.0,8.158975176068287
1.0,0.6105442226955546,1.0,0.39209585821493054,-0.07390163394094405,-0.3900983891273899,1.3107123317469558
-1.0,-1.0,-1.0,-1.0,1.0,-0.9827527148417864,2.25194065270905
-0.6647002055266249,0.9427731168496245,1.0,-0.2759428451878185,-1.0,-1.0,-4.1134000009237885
-0.480830030283244,-1.0,-0.5368500411088126,-0.5573445877561214,-0.6699213720427523,-0.26791914442378406,-0.545590427502195
0.03579868738736036,-0.7425672008652631,-0.9351344597575857,-0.29692550175667587,-0.20494002217757468,-0.4503735644809846,-0.9786584936330412
0.13964864524972265,0.66086990904334,0.5477590887738969,0.512543513157784,-0.05243558022546718,0.1933345303015549,-1.0411418730908415
0.25434276369348463,1.0,0.4044463722308432,0.31162274358833075,-0.3954358013678394,-1.0,1.7722072548993408
-0.556671203067467,-1.0,0.3850028888086474,-1.0,-1.0,-0.21336190350884607,5.874114200397252
-0.7121244041102892,-0.19349245859501474,-0.9206095112173787,-1.0,-1.0,-0.4288301454498018,-1.215180150902082
0.4052506246823897,0.028387837754149436,0.05844264190845189,0.010964615357299978,-0.6749351168573308,0.591355400218895,1.3815689266454747
0.512830874666375,0.14537724091764623,0.6322127283008713,0.8631318163920332,-0.6902428458848722,0.6067660188956756,0.9924921082828078
0.20518936534523635,-1.0,-0.1992020842582718,0.2567738073762352,1.0,0.42355539768470196,-0.4162348553046769
-1.0,-0.8915232820244813,-1.0,0.7273702387603965,1.0,0.6798781019838128,-0.8315292014799124
-0.12295242963673852,1.0,1.0,1.0,-0.06305837561503375,0.7310821066451312,-4.956540229258125
-0.49140485870109774,-1.0,-0.38508799197274435,-1.0,0.2591188992239652,-0.3165462375384724,-1.2456676482271882
1.0,-0.017830510037245006,1.0,0.4833503027043984,-0.7117850618351113,-1.0,7.0552412966010385
-0.16976344601221333,1.0,0.9279026380161033,0.2603425476705441,1.0,1.0,-0.854683772309285
0.4786613063400953,0.9113942857183773,1.0,1.0,-1.0,-0.4940389799456656,2.516987128196203
-0.2585854527250988,0.2074501395369288,0.4203978035510141,-0.127611231764952,-1.0,1.0,1.510196310689931
1.0,0.5165189304153796,0.2472240298380278,0.014726914655261908,0.8810363710846167,0.10715740158119413,-2.558101601884874
-0.1469374741732501,-0.5197834303478934,-0.9130681503161451,-1.0,0.19043670516459343,-1.0,3.5723111511779075
-0.21415922747230176,-0.8175520863369546,-1.0,-0.24975088777812093,-1.0,0.878443325878109,3.99255351689928
-0.5138314125949012,-1.0,0.8245761248859317,-0.23799309484429282,-1.0,1.0,1.3195198449140844
-0.17089573076606826,0.5759591217909117,-0.6531502751184399,-0.0694120061267458,-0.5669985273087956,-1.0,2.1416808745797344
-1.0,-0.9381608865935005,-0.552691558016362,-1.0,1.0,0.3034122038290161,-0.7496616824601804
-1.0,-0.5235700364363327,-0.1374852841137123,-1.0,1.0,-1.0,8.84963133815373
-0.45640208714030456,0.2975139280851154,0.30137093189553044,0.700003309864471,0.6008116270208463,0.5661171290378177,0.2715560100819585
-0.19509766909357706,-1.0,-0.18300683100376802,-0.5378719754186276,0.41872826682250175,1.0,0.615800473799337
-1.0,-0.5253770053568485,-0.20369093793437565,-1.0,-0.6924796939577751,-1.0,2.5849776805024276
0.14715367349534902,-0.4570598702497024,1.0,-0.25507679585636855,-1.0,-0.12855801077044693,1.3513893740329563
0.8633978168758172,-1.0,-1.0,-0.6298814278600331,-1.0,0.012763177424613303,4.812289072007147
-0.1413478883978488,0.18419885442306472,0.6794737336278415,0.19606014594861965,-1.0,-0.706412670731714,-0.30326228986018866
0.3747407391696018,-1.0,-0.03074466500109574,-1.0,0.3479629987094909,-0.037673904857290996,0.5420830480814844
0.12132650527740196,0.4942603308912452,0.9069614944222721,1.0,0.707462922683355,-0.33110297344284667,-2.137328241603131
1.0,0.5166305770157134,1.0,1.0,-0.18722483931627054,-0.3229191494005812,1.7604521707715146
0.8087210954053895,1.0,0.533521933015353,0.09105162340401307,-1.0,0.7238344263528067,2.3674799489928042
1.0,0.9208418626626818,-0.2728257705020703,0.08146234208538916,-0.33060973557631357,0.900532742067259,4.719763709036561
-1.0,0.16933299053139217,-0.24183795224130067,-0.653959738442856,-0.7331162560441252,-0.9933453656716185,-0.2926583157694066
0.09972073447109153,0.3807015986900002,1.0,0.4221246125343543,0.8091993967807636,-0.1552885653322762,-1.20917912596696
-0.9428255470131197,-1.0,-0.09176540380697729,-0.6398082326582752,1.0,-0.12042870667777894,2.5393723692607146
0.32761918832058656,1.0,0.357723512922975,-0.4329529551044765,0.6849571049445734,1.0,3.1799083826964574
-0.544147050184048,1.0,0.002424755837968612,-0.10893734644995066,0.5502261778210106,-0.4255986747412812,-0.42277555778570375
-0.9368414244506197,-0.6180033225515895,-0.8436691547135742,-1.0,-0.19868609601200782,-1.0,4.55477523564195
-0.03337404449944065,0.131815438855572,-0.26903986215816145,1.0,0.6815429563517084,0.9054499081160641,3.3865195535185473
0.20309334727755712,1.0,0.8168405460692356,1.0,-1.0,0.5294540131362966,-0.6628556739126772
0.15237187651744355,0.45178036153494733,-0.9956447756251342,0.6934728371529546,-0.9858231206211628,-0.3152407768840941,0.1792821635988136
0.7753290717031175,1.0,0.17890818904530892,-0.17269218173877526,0.8089655210569907,1.0,2.371973187035504
0.32024050265315035,-0.3054046256154184,1.0,-0.052610288986118636,-1.0,-0.10046190837837388,1.8371786653953142
0.5270456033288202,-0.005410658033669302,0.38134847961018015,-0.0009438586808594718,0.9560130350661961,-0.3924599338525314,-0.6826057793335936
0.6215228832542324,-0.2963711531613751,-1.0,-0.3950187270465054,-0.5784054416903419,-0.9712901368280074,3.373796422908909
1.0,0.05559397819622913,1.0,0.9549895359289973,0.7744939424468287,-0.4964554658018274,-3.1322449179152576
1.0,0.2787182745023069,0.69640301565071,1.0,-0.4014247584848169,0.6754238164213869,-0.19547561100062083
0.9970649053379781,-0.343860133933507,-0.3901419981172488,0.09179546237874525,1.0,0.16881851705279638,-3.388143797593073
-0.6905261062143564,1.0,1.0,1.0,-1.0,-0.26050287965127583,-2.823147406181306
-0.6586123198955841,-0.3196892385490707,1.0,-0.13856870757112022,0.332199223938187,0.020310693457373352,0.42079818379097106
-0.6181112377626756,-1.0,-0.6150300384564085,-0.03027573495416369,-1.0,-0.10038111492039681,-2.9736837390213644
0.4371401884155935,-0.262758461692735,-1.0,-1.0,0.28999784167123854,0.5237411728103839,-0.7863994665619772
-1.0,-1.0,0.42515931280502395,-1.0,0.032301294542479764,0.7347481660809452,-3.481466504876782
-0.3020833088246615,-1.0,-0.7619667275275623,0.0769809432811075,-0.43914699224181764,0.5944472481522319,-1.8291327983948316
0.6312121121091357,0.2953372520774004,1.0,0.8852733865819872,-0.2055964260832277,-0.10507774935146347,-0.07377527987942809
0.22979401488633083,0.09536737209464419,-0.14222631671406094,1.0,-1.0,-0.5753128812079655,2.329610648376943
-1.0,-0.1508292808155306,-0.03353326351084185,-0.6259666242260055,0.30672525837060965,-0.9668176578885805,4.841413399826525
0.5166566794705878,0.5218910317146441,1.0,0.7541172669380698,-0.8813690442788804,-1.0,4.0973227555642815
-0.42394231880472777,-0.5131241270240614,-0.008112585290637075,-0.162920065928865,-0.9707236081682107,-0.7661303860632787,0.7033013299501537
-0.16902519082177203,1.0,-0.551650207554682,-0.6435233355460409,-0.27210748124686246,-0.3639897360406943,0.3373716944951377
-0.4719204507434863,0.11360646670710733,0.7141708916649872,0.29452023831498486,-0.4478699758220732,1.0,-0.9759223488161977
-0.08067303886469479,-1.0,-1.0,-0.43986280409562006,-0.8855463611954781,0.6803165532963711,0.8807536739103385
-1.0,-0.7806640330464676,-0.8310639312796171,-1.0,0.7333063168177463,0.12626197180841203,-3.1210189550565404
-1.0,0.5178679271054965,0.15814787621433202,-0.41356535429436453,-0.6518919210559885,0.9152183752910863,-0.25438694446300336
-0.44868504267569326,-0.7984885328264668,-1.0,0.853738916364916,-0.6676701946388175,0.28254344429220946,-3.3431657630647194
0.8587304288400162,0.6346605814087359,-0.4764650744817923,-0.8800908110853068,-0.5085289129498836,-0.5779471550216033,2.279754090526628
0.34340178295877855,0.12411247111983276,-0.01660646737623156,0.04314913599503489,-0.8029187558175751,-0.04798125584087118,0.8020305512877073
1.0,1.0,-0.32585931700550064,0.22649693054931963,0.711706937570846,1.0,3.9086489824275272
-0.09516575987689047,-0.48570814287157815,-0.7034526876200937,-0.9803337896400497,-1.0,-1.0,3.980525432656876
0.45563658031485355,-0.3844684979987971,-0.2808275635099152,-0.010106341905620108,-0.3117371963739938,1.0,2.668063366676427
-0.5301878606872985,0.9700809302636615,-0.22601431085362667,0.963159455096978,-1.0,-1.0,3.8870084967187135
-0.20893060133086436,-0.7319630976880952,1.0,0.3421479513204351,-0.8116162547910488,-0.4406905760790231,0.8148086277608795
-0.7507183604549612,0.44384340573444053,-0.7984823110087108,0.8145942200902351,-0.43635026058254195,0.7600697584423501,1.4406080912963843
0.68622887759449,0.3522418328177832,0.8281831032344644,0.4751124318646771,0.4362694252223236,-0.008285269365718828,-1.7004273119439866
-1.0,-0.3612800453834617,-0.42294800761945517,-1.0,0.9183155858952572,1.0,5.67978633489801
1.0,1.0,1.0,1.0,-1.0,1.0,2.552694861895208
0.9869519602298027,-0.2623649778260242,1.0,0.42929203693168994,-0.1049738658041329,1.0,-2.0152571252808813
-1.0,-1.0,-1.0,-0.8793846146552431,-0.9782394026451084,-1.0,4.790541153421815
-0.669356761867133,-0.7285634045589132,-1.0,-0.9778790058859539,1.0,1.0,3.2729820392025473
-0.07132610225888464,-1.0,-0.6458708522299726,-1.0,-0.04303999247199619,-0.26193581503778884,-1.9917094193331506
-1.0,-0.9522036046721227,-0.1971813408379255,-0.5269105085856693,0.932418270311549,1.0,2.0202460433176537
-0.1387988961605498,1.0,-0.05691571592894362,1.0,0.8078077143191684,0.1564935987013608,-0.39975821140411383
0.2803067404691141,1.0,0.2483520800407661,0.5713977124707761,-0.9636897682059913,-1.0,4.199630348573803
0.47525800223260983,1.0,0.6582521482569714,0.8431868004421639,-0.07419222676375048,-1.0,2.3438812966698563
0.5577702311611471,-0.5530465516584635,0.21134670644098466,-1.0,0.026520426541500886,0.6844197292048639,-0.01832974919511858
1.0,0.10917784365866301,1.0,0.36719193794530225,0.05239597988578426,-0.43368042805066526,1.0255998933015604
-0.6494572875151996,-0.4467396789022925,0.16283336973526913,-0.4692135662770473,-1.0,1.0,-0.4196537225707897
0.9531554350643878,1.0,0.4764851481402701,0.20702620649195014,0.3604764809099076,1.0,-0.5025580030188346
-1.0,0.11733174134093297,-0.5557300763829083,0.38494980432922854,0.06550266944960281,1.0,4.8784347729000235
1.0,0.7000270822535778,0.38207363925345106,0.11215194016698632,-0.9022720509777149,-0.4985865483747985,4.549946990684254
0.2087118131649719,-0.6452655524927692,-1.0,-0.7581890171905783,0.5509808170127463,-0.8455982085702587,0.9383891998165855
-0.5588001322042329,0.6099281832914047,-0.26708746001512024,1.0,-1.0,-1.0,2.136590506221627
0.44948393844639023,-0.025141177624134065,-0.34954157098487565,0.3721134769731268,-0.7790562894893587,0.17184621865105842,1.342763006705503
-1.0,-0.13341013570235716,-0.5186255595304505,-1.0,0.22325624398873556,-0.5349293882386731,1.2418472504192
1.0,0.3283549525383417,0.1456184610135788,1.0,-1.0,-0.4567915225626742,5.0944269810734015
-1.0,-0.10803831110460671,0.8338930988695249,-0.003046686982519531,-0.5788480888597566,-1.0,1.3318840660330706
-0.45492093205070133,0.07765620010834695,-0.5577114795394644,-0.7743887380475982,0.2675984131216129,1.0,5.4434671100721514
-1.0,0.19913595097248604,-0.836368382474752,-1.0,-0.24673128600863647,-0.5661490422497488,-1.4922026955785461
1.0,1.0,0.8548794771729287,0.7020988575425926,-1.0,-0.9028893431532805,7.458989889024242
-0.5248013661081706,-0.5655224247832326,0.24115733092834596,-1.0,-1.0,1.0,2.756974220665483
-0.860800637953819,-0.537564939206957,-0.4770613790256206,0.27883779800014624,0.358934956210129,0.0006516284644251247,0.09220504936660578
-0.48123298169445783,0.030097385937232102,0.18490051032068772,-1.0,-0.023792592575499816,-0.9247357634183182,2.796396795511959
-1.0,-0.7664550161573978,0.24612007537672564,-1.0,-0.20141519961785603,1.0,-2.796804544529066
0.40267603376198025,0.654737438385565,-0.7018702370522909,0.49374100778598673,-1.0,-0.44781557368154434,1.1368673325621081
1.0,0.08829400204887117,-0.3662826030202697,0.7639800515317325,0.5783133032577163,0.7957553488464135,0.8562459830276539
1.0,1.0,1.0,0.17042876788717934,0.01688707380271931,-1.0,0.4455201296529568
-0.2513014678287073,-1.0,-0.7765093897744038,0.058525383645446905,-1.0,-0.29049529932679563,-2.628459854333083
0.02704014541721117,0.22766175751384862,-0.6638815388871598,-0.33190135700921086,-1.0,-0.7380362990323908,-0.05617162102062584
0.6112250663457621,-0.03522561252152928,0.8602433751063475,0.7376874132638146,-1.0,-0.7133400490754629,4.490365986135315
0.43024430674388336,0.09523056094459603,1.0,1.0,0.031300413982832564,0.4194723383318644,-2.4973459774417273
-0.5943630341207577,0.06281799931897052,-0.36465882626087176,-0.9152601828222771,-0.07380951684117715,-1.0,2.4003020088948914
0.2890231886812029,0.4525270242685717,0.6394310716018328,1.0,-0.2952383509198965,-0.9619299576843198,4.066771877287978
-1.0,0.16222924408560055,-0.6300378883841818,1.0,-0.9490314254984675,0.16541024631976953,-2.4890948273052675
-0.4673702014607481,-0.195520707069764,-0.27721894681319986,0.19520263868104137,-0.23188156214388944,-0.883855892015385,2.074416907827308
-0.048921483910281505,-0.35640708723616266,0.648095732120816,0.6711063175943843,-1.0,-0.8442088875817972,1.0424946710585772
-0.6002358078807153,0.1740064895787336,0.8055186244217231,-0.7707692128617267,0.4894587038295752,-0.6433233373681133,1.897516438796688
-0.8342418923348165,-0.5496642849212058,-1.0,-0.40058440169557297,0.8140546128606821,-0.20625784315439336,-1.5742161566645967
-0.8197729493743264,-0.16049987521822517,-1.0,-0.3631470824332923,-0.1472771094891432,-0.5904385383691039,0.9880071022031572
-0.012760759359701557,1.0,1.0,-0.18235347378298894,-1.0,-0.9372941613385022,-3.481569109575286
-1.0,-0.5931603758830604,-0.9394631167420341,0.683070995646899,0.43820245308157046,0.6659638457748356,1.9526347913675628
0.4469624958216762,0.820246443201976,0.034408010097371794,-0.5246150508408042,1.0,0.3549558595595381,0.7980304672891635
-0.3093760019417299,-0.7986653004034631,-1.0,-0.3769541816562505,-0.6826767513048315,0.9995942914175913,4.746549449261822
-1.0,0.17848898871442762,-0.6016808108004277,-0.9115474077848246,-0.15847681892753468,-0.5960018248790592,-0.5315763084180143
0.9451083961420675,1.0,-0.7638249681225348,-0.28224148727694376,-1.0,-0.1937105265255481,6.151475414053443
-1.0,-1.0,-0.6349912974849685,-0.9414871801922138,0.2711305517309186,0.47461915053936776,-5.337687799962508
-1.0,-1.0,0.2113784909418318,-0.7797599853801536,0.7990381021069628,-0.7409690661061207,6.365478266468945
-0.5569667210753564,-0.2963230180351816,-1.0,0.6279493665040292,-1.0,-0.03695415743748687,-2.9439686107802414
-0.5573328962551642,-1.0,0.8669780705376684,0.8515372725205632,1.0,-0.04393010372096462,0.8244226604289422
0.32952041613238525,1.0,0.6882712371787851,1.0,-0.5756976881986247,-0.7493207136403672,2.3959147402817953
1.0,1.0,1.0,1.0,1.0,0.9812512018452653,-9.67177848286866
-1.0,-0.027740388612573774,-1.0,-0.6598632751944449,-1.0,-1.0,1.3947308458099672
-1.0,-0.2918297418714475,-0.0680338744707275,-0.9216319827976149,-0.9659816027766304,0.14162215867045608,-0.4673975039135047
1.0,0.5612490985905347,1.0,0.175154739583814,-0.2313616565511605,0.38740410822451476,-0.10439984944236536
0.02405706946080466,0.10233734117974391,0.20042469958074238,0.5591847531869489,0.9683905457369146,-1.0,1.8630783903387895
-1.0,-1.0,-0.5436737036908099,-0.7723765380469447,-0.9049653600171739,-0.2587750625234315,-0.30029961604179606
-0.8780143272384604,-0.7593196890713904,-0.6419241676407962,-1.0,-0.19548696863337608,0.9313641844014509,-1.9641957800747887
0.5538371955499801,1.0,1.0,1.0,-0.20183739031089215,-0.8310512384659781,0.7959772517687189
0.14724333575969195,0.0824900514649689,0.16891277218892975,-0.26040659174009995,-0.024485071220908528,0.9990771482458272,2.4760714556734333
-1.0,-0.986207758643323,-0.27073815060775824,-1.0,1.0,0.39159798849696825,0.7880360419586775
-0.4290344664166334,0.3850960917174102,1.0,0.06747266773054778,-0.689989267141194,1.0,-2.4619132464318922
0.9652929227950747,-0.5478603843724561,0.060764981230417625,0.7914429770498181,-0.6754543861829423,-0.34237833319372274,3.540724316128067
-1.0,-0.7816318966956395,-0.5947563084168763,-0.8879045203939535,1.0,0.673824316303004,0.7217835586558249
-0.5954780773313936,-0.7384921822917481,-0.12213404283686136,-0.6055921653416527,-0.4696044953969086,-0.7696897886944547,2.0856592176698423
-0.11156859754629567,-1.0,-1.0,-0.262258444438759,0.7110008180069001,-0.13253216225374026,-3.755950702663072
1.0,-0.14125133840179438,-0.6961919654916033,0.7584701984848555,0.1278026129685863,1.0,2.4821678067435373
-0.46098110832830114,-0.8550934314134417,1.0,0.5502021448120895,0.7498170778344726,0.5770700713641876,1.073328895145909
0.1552624701858477,1.0,0.876227304509161,0.9434824932157657,0.7101735940503965,0.07881113096309611,-4.5446527789199695
-1.0,0.1270426729040019,-0.2647904984203123,-0.42640194525719854,-0.4219280775417967,-0.36793546456584664,-0.7919087176108569
0.011947326573025649,-1.0,0.3070708444646511,0.15510187952194615,0.12226931268075919,-0.05290368036618853,0.4061580592295634
-0.4102119347688001,0.6646246822139985,0.35469357184902706,0.2783168579750327,0.5077782581366485,-1.0,2.0340064345614715
-0.7632879304224341,-1.0,-1.0,-0.622347813553922,1.0,1.0,1.9383104364054553
-1.0,-1.0,-1.0,-1.0,0.8795086681951596,0.3999100158115798,-6.940157215890554
-0.8846946315055298,0.43783620487292857,0.07500245503800096,-1.0,-0.3728924924292911,-0.03524030951043122,-0.3726234964015499
-1.0,-1.0,1.0,-0.7653718114888625,-0.9544965400307965,0.37413417554205375,0.2266355398431128
-1.0,-0.9639446556937109,-0.9982277060164464,-1.0,-0.14405304427446786,-0.5682784789654658,-4.194026122675054
-1.0,-0.6497008383730001,-1.0,-1.0,0.5684737445246476,1.0,2.466615440655961
0.5837643611807652,0.1631117343254933,0.5232048085152172,1.0,0.7780018077887763,-0.2636483936718486,-1.8253447673932315
0.30298821315856483,0.37493823483593536,0.790655385599015,0.03945469411990499,0.015551437842438676,0.1666554157359036,-0.08166043246806606
-0.32263971346811215,0.4720642842149095,-1.0,-0.9339961328210314,1.0,-0.11864143864043869,0.0760883996077042
0.7082457380761197,0.03156740956111054,-1.0,-0.8803546013678243,0.13503571956696692,0.21024053973758328,-0.8074195700848069
0.6963401682240654,-0.18801269797735243,0.11099642810057914,1.0,0.4374798702769376,1.0,1.7467011292584962
1.0,1.0,1.0,1.0,-0.2654059205309241,0.16465883009009996,-0.9888755349454632
0.5291111396207774,0.12042505093545908,-0.28832586841788094,-1.0,-0.14378093630036148,-0.9209146898747858,2.265949008904016
-0.6765749035134712,-0.8561087725027583,-1.0,-1.0,-1.0,-1.0,3.4980579890685934
-1.0,-0.40085851904744585,-0.3634798692921851,-1.0,0.1477440482403708,-0.57558953522835,0.819532606759335
0.1629290155694283,0.4067866636766675,1.0,0.13463710608729262,-0.3348801230889322,-1.0,3.419813752066303
0.3156253737857391,-0.9123932348681273,-0.17681594105662646,-0.7312267971605664,-0.3058092666051837,-0.9188273337994668,4.963273218895945
-1.0,-0.17951252054569378,0.3102012338050726,-1.0,-0.14111010743087626,-0.6759732470129205,1.0029347314298815
-0.2724895057987369,-0.9587796257671837,-0.0038019278691303615,-0.3028356739531335,1.0,-0.5304303293699971,2.0975963046767823
-0.7156752126338298,-0.9211562687088887,0.06525532762346681,-0.41618512934851365,-0.683090501546546,-1.0,2.878187134465702
0.3726594935562958,-1.0,0.05371524325004201,-1.0,1.0,1.0,0.12098305705684831
0.04878841643324616,0.5730724775920164,0.178234030856238,-0.533845805081558,1.0,1.0,5.528586670630983
-1.0,-1.0,-0.15274228581857985,-1.0,0.31739822436935927,0.49269130169261155,-2.2984722801539705
-1.0,-0.9800031264165212,-1.0,-0.08644511548719835,-1.0,-0.3926587495798294,-4.472669665127064
-1.0,-1.0,0.07435330134015872,-0.9055216014244799,0.06467704267611019,0.4498450459423877,-2.1088588839870583
-0.21745025097096804,1.0,0.8370923490498878,0.48194735148661505,-0.48377247250764804,-0.8448520705063511,-0.22663593095154153
-0.07484246061718958,-0.7022612977410964,-0.3598238947927259,0.7074508050640714,-1.0,-1.0,2.766312393626446
1.0,1.0,0.602188998470472,0.554420221644361,0.46467646627121284,0.005564814406485263,-3.561945745360329
-1.0,-0.88107750892483,-1.0,-1.0,0.4979218063050368,-0.3546544466521342,-5.619935472069464
0.7068288827637708,-0.21746275334022402,1.0,1.0,0.2893408107374184,0.2709215619789531,-2.230244603355311
1.0,0.3019752984342582,0.10979915965686426,0.9395780766012208,-0.21695889498786236,-0.3284099632881322,1.761351775420277
-1.0,-1.0,-0.3504897427183992,0.37345091704836103,0.2821593649389066,-0.7246884635205181,2.2706993459889477
1.0,-1.0,0.27739792459633955,-0.17059489917637682,-0.3413980214892782,-1.0,7.8545450452818795
0.758430395344492,-0.45335523404285544,-0.34666736140664717,-0.6253699528323694,-1.0,-0.1130065812374067,3.0643865526784513
-0.12692857364543442,-0.7629325869514076,0.45951296305423683,-0.2550384077605529,-1.0,-1.0,4.5649708061201135
0.38455577670200874,0.18440455584115778,0.14908452693787166,0.40009048234944944,1.0,0.31090677538032024,-0.7887316014277386
-1.0,-1.0,-0.7780798132098021,-1.0,-1.0,-0.3146636873322177,-0.9372166514171623
1.0,1.0,1.0,1.0,1.0,1.0,-10.713412880943388
-0.6497711366667989,-1.0,-0.13167773988155973,-1.0,0.391185650769595,-0.2990468919436815,0.6336759112499606
0.7520254993310261,-0.36690075942265077,-0.36965209811860544,-0.31290186541997034,0.04142776329659004,1.0,1.758953967102778
-0.23788320279167696,-1.0,-1.0,-1.0,-0.6403001544490061,-0.9459294554428512,3.4326332599366167
0.3106495092179724,1.0,0.6754421798597252,0.6262510218827391,0.4546749850208256,1.0,-0.7826526449529619
-1.0,-0.23907500468593912,-1.0,-1.0,0.38138716498333014,0.17814095786467388,-2.0615044312423767
0.8307048343455576,1.0,0.5444711304093235,1.0,-0.7805735611714946,-0.3168714269093781,3.304893443458167
-0.07721263435494696,-0.11174155308399114,-0.9073944604328037,-1.0,0.5257245819242864,0.10218727017679888,-0.29831023826046427
-0.8605807663754205,0.8994705947951582,-0.7501168173946557,0.15364981641769004,1.0,0.18865588259920307,3.6099899447414505
1.0,-0.02690202553154289,0.9993190775674916,0.04038402727511048,-0.037469791091531146,0.004522845331223269,1.3588135234055105
0.5775491268280947,0.5110109640263634,1.0,0.8162949222289674,-0.2684412307928885,1.0,-1.5245688881121153
-0.7168820435780898,-0.07795790436754113,0.857011450645796,0.14830554034623517,0.6567542822661441,0.5081992805334739,0.50608032076134
-1.0,-0.7065041429848636,-1.0,-0.6759220158913233,1.0,0.8397429767094935,0.7130160773546522
-1.0,-0.4704235025499422,-0.9109314309910969,-0.5504199502228431,0.1965363614859701,1.0,4.448767253122146
-0.7204301090357129,-1.0,-0.8593504716693847,0.04932874133346488,-1.0,0.13760207955176706,-4.726708843350801
-0.7581963586414576,-0.6971388361408708,-0.24038587139416526,0.39135114774216745,0.3730082192672511,-0.49901834511147225,1.2355528602242178
1.0,1.0,0.44543976224747883,0.12050255486548822,-0.10657770325883653,1.0,0.9869349327681123
0.33650381643417154,1.0,0.6180657096494603,-1.0,-0.7399394875691921,0.5200197507421964,2.946635202727059
-0.8976027534522,-1.0,-0.6285741341096192,-0.07217494693098048,-1.0,-0.013819195212944058,-4.05620307440719
0.01681657982881246,0.08244452088410127,-0.7067796230733344,0.6116599119064423,1.0,1.0,5.863152843025002
0.8715358120809433,0.40482602097742904,-0.20526663048648763,-0.7158751666027107,1.0,0.6776502320746514,-0.1930431956225216
0.6716658997664348,-0.11537111762733221,-0.5671288188782391,-1.0,0.602547758613353,-0.42379449798273594,-0.659109667028189
-1.0,-0.5929314613321265,0.27790392324390334,-0.4662144359894672,-0.34803578461845786,-1.0,3.690175091313071
0.318899144944806,0.33386421494259355,0.4157826231575691,-0.5602046727564912,0.6415122772540972,0.9339634085033199,1.457492717998992
0.003102682636158316,0.9799912396789785,1.0,1.0,-0.773111876584134,-1.0,1.344547083830402
0.9885818783041346,1.0,0.4948648688714321,0.7844972188688415,0.7962222042483407,1.0,-2.035083819199146
1.0,1.0,1.0,1.0,-0.0760755006543065,-0.3766104987077427,-0.5892238842317108
0.7916549016285451,0.6328693742416248,0.8913107402755001,-0.35386581306228515,-1.0,-1.0,2.564107412445541
-0.7281723264012165,-1.0,-1.0,-0.6769468391892668,0.5328981994759349,1.0,1.3573481681371424
-0.07922300384149161,0.10495902941459712,0.3944086570262253,-1.0,0.9641244808923939,1.0,5.640060427454939
1.0,1.0,0.87577371262304,0.6565366239422445,0.7451410386124426,0.036510430786506703,-5.208341014691023
0.942137768587148,-1.0,0.045032356055290046,0.2260084112479951,1.0,-0.14590653332049253,-2.9927585393264957
-0.03347744001787223,-0.006787643944015431,-0.4908031949414049,0.35409858727315424,0.10394643528681957,0.593650479337408,0.8926094342708335
-0.3441313880077813,0.03985472584379446,-0.2774930175265887,0.021626428085679494,1.0,0.7568927894278717,2.5092218359044214
1.0,0.8781841559614258,1.0,0.10794008996815596,-0.8531695875613284,0.7766544101192896,0.44567589164868693
-1.0,-1.0,-1.0,-0.07217321105636765,0.9198098747491339,-0.6498857394553272,-0.49766051026695235
-1.0,0.050046596968206014,-0.41881168091411325,-0.6902343914272853,0.7897356961664233,0.12074944231145324,1.354221304204647
-0.30916589305260544,-1.0,-0.3446996099901339,-0.8734491921685651,-0.7666921250951834,0.12359204648938898,0.38152156918617397
0.19092665244170054,0.968558254088195,-0.1440933979987521,0.6384263496846807,1.0,-0.172078761805321,0.5641375934113367
0.44661511232465645,-0.306106197620752,-0.5858026544573917,-0.5014702758135957,1.0,0.1482408097199065,-0.8452482060138443
-1.0,0.07727641605276592,0.15443057729907683,-0.39839421111020723,0.43712188813561986,1.0,1.9000199908339273
1.0,0.6118686297113953,0.19315367021205554,0.47577268208489887,1.0,-0.4277300960068079,-1.4535779914011084
-0.9307506294540597,-1.0,0.30480949860779893,0.23203198123656682,0.7429364874467788,1.0,2.98684638293942
-0.6811701978800406,-1.0,-1.0,-1.0,-0.0912238490835744,-0.39572497164022624,-4.356758582295478
0.12927076402516813,-0.781208407571465,-0.2862984895835331,0.148162269274302,-0.08196389404052634,1.0,2.262196107440353
0.7672990376650972,-0.08451075033065301,0.3495388863491292,-1.0,-0.03771155688222938,-0.3651394613112271,1.007317889919734
-1.0,-0.23151692485572933,1.0,-0.543590996634096,1.0,-0.735219708290289,1.6389964253570968
-1.0,-0.63212042627051,-0.4795237908786998,-0.23439223877197246,-0.13004748628771823,-0.03721043882511865,-0.8753747854691428
0.3682660095193816,-0.5456108838148852,0.07178378479610187,-0.4879175333663574,1.0,0.1329733244397766,-1.3120397786525821
-0.05493553444340438,1.0,0.058739849277143374,0.9287147914489404,-0.9642352464760224,0.9816566140381177,1.96920271938522
0.1062188697220009,-0.5319746467854566,0.323918198420999,0.32292551607257536,0.5183131934274083,0.46625925914746014,0.37950289500735773
-1.0,-0.12307641953727777,-0.2974007768609719,-0.6539367683638397,0.18327295778841246,0.9880488342270339,1.8194042304031173
-0.5827394409214062,-1.0,-0.18280415006776307,-1.0,0.3951851534781199,-0.3064830731245527,-0.09868517469300925
-1.0,-1.0,-0.9594266899550168,-0.7864631895627353,-0.416739951316903,-0.2829812242991908,-4.158437967566841
1.0,1.0,-1.0,-0.37482770384930997,-0.9412559162150653,-0.7115351477450657,5.654952657888183
-0.3470326575587941,0.5424123568765508,-0.6444482398936302,-1.0,0.5290700148510923,-1.0,1.7886431355682522
-0.574374730293189,-1.0,0.4852504949780362,-0.15611229947388794,1.0,0.981263304127757,2.3355039387934786
1.0,0.7254248050140338,-1.0,-0.6492812410675132,-0.377398583363216,0.4575374364777375,3.602615248725051
0.6066825280890413,-0.14735050468390193,-0.11427284779005975,1.0,1.0,0.48918854219821717,-1.0038808384754487
1.0,-0.2880492115767479,0.8309328317368525,-0.6696235314937797,0.004658648270859489,-1.0,4.956826647823141
0.49661702022382953,-0.29453636398400396,0.9398636309213263,1.0,0.6783936517577049,-0.06947148278584092,-1.402829280518156
0.2557771859663046,-0.5330347061648193,-1.0,-1.0,1.0,1.0,1.7640036967198551
-0.20089545695998748,-0.6704283182448637,-0.3100145536431467,-0.35677599996229886,0.5581777062705502,0.9823386329456474,2.804355953786508
1.0,0.5682247640886078,0.2781376433353463,0.062282150202986886,-1.0,-0.7669459407464706,5.4420584156823715
-0.6693124108841937,-0.5939388943261602,0.23751702120003138,-0.1475679987307168,-1.0,-0.22940747668187844,-1.01086210110014
-0.15576049407781012,1.0,0.475360213245107,0.948803650925208,0.0698927496263817,0.5190943782382583,-2.263002318162678
-1.0,-0.0037528437684042036,1.0,-0.19427683909001814,0.29422451003819816,1.0,-1.833426995392209
0.6940273817296616,0.6385811056271165,0.05930536406685882,0.7204668417566054,-1.0,-0.43500584230263095,3.863511950679288
-1.0,0.9809336213822122,-0.49741546252966345,-1.0,1.0,0.3358236460458772,6.936334451469344
-0.36099778370218305,-1.0,-1.0,-0.18817227658870606,0.6556188694490438,0.7208788350535089,-0.41915488517220334
1.0,1.0,1.0,1.0,-0.34803203109859254,1.0,-1.4769346443344749
-0.18107395172449742,-0.060891802154859814,-1.0,0.7027861693241109,-0.23188879951189223,-1.0,2.3685812421772834
0.2750832063248827,0.3094212582327274,0.2658774867806002,1.0,-0.8950243303382113,0.42515599761361905,1.3731096631174076
0.924192801172901,1.0,1.0,0.2802231448904009,0.08483757049805377,-1.0,0.0008781341064976605
0.6237211039655151,0.6074379379036765,0.6935285063565609,0.057085160726233694,0.07192283439027225,1.0,0.5620289786013403
-0.8202350767392803,-0.12081607607311073,-1.0,-0.8320709842367477,0.11421113748363287,1.0,5.855820084628352
-0.9214451733788263,-0.415338289745509,0.6683289879252955,0.5039465627419724,-0.6975370040724913,0.5559846963782177,-3.404229082791506
0.946329466908026,1.0,1.0,1.0,-0.22027305946531595,0.8357572616483,-3.469752963646207
-0.6689859157001583,-1.0,-0.5861510518479067,-1.0,-1.0,0.2936925477566884,1.5050123843948764
1.0,1.0,0.47829916012561763,-0.0854087368158234,0.3980396203804353,1.0,-0.511176122142709
0.14649712929918213,1.0,0.6776195182016576,0.6012534940061287,-0.04534966737402525,-0.4377744735186233,-1.3376003734198543
-0.76455515177828,-0.7654346223300446,-0.9521625782083667,-0.289777139765939,1.0,0.07182447262322555,-3.40100041742038
0.1782479234334019,0.19663189741197962,-0.9909723662751038,-1.0,-0.8898884419509961,-1.0,0.6498762299834382
-0.05728566553959208,-1.0,-0.826864086663072,1.0,-0.715910065654788,-0.4275896988464173,-1.8789660099298549
0.5381761821549615,0.6012171530693287,1.0,0.41586675681249496,0.8775822973208376,1.0,-3.8956470895683784
0.45292802754909206,-0.5791114257613391,-1.0,-0.1748302121985158,-0.975364297169761,-0.49743380779377444,1.641669723482365
-1.0,-1.0,-1.0,-0.48497918942985385,0.9682819008783711,-1.0,3.1148396036735924
0.10166891107074649,1.0,1.0,0.45888356702261146,0.36042468048923754,0.07753722288620266,-3.463875369015468
1.0,-0.46849815300059494,-0.15411989705105744,-0.22787774389653948,-0.41133152681378593,-1.0,6.4844420388555175
-0.3043787385807639,-0.7610133829917548,1.0,-0.8694854566996668,1.0,0.9643792288125153,-3.107550220177692
0.28879026969941335,0.042139716823709594,0.5044892276630493,-1.0,-1.0,-0.48640412367283714,3.622005218314382
1.0,-0.11213116085601815,0.035532153363528995,0.3773428859506581,0.05831841132537258,-0.27525812860089205,0.4363553230802023
-0.21518684513841158,-1.0,-0.8639791366684018,-0.2938604804597127,1.0,-0.8184073326850234,-0.03858153036831212
-0.023724974657242548,-0.7961967147320146,-1.0,-1.0,0.09381969270046597,1.0,1.6529056696964661
-1.0,-0.1256356811468221,-0.49565883202509875,-0.2500573597629091,-0.08367186738572605,-0.7224168559254891,1.8924603824332784
-0.371162995711086,-1.0,-0.3830523831221331,-1.0,-0.04271374843424375,0.015072548370837116,-1.1933650180304936
1.0,1.0,0.42349900832700116,0.902837038044294,-0.683257113398155,-0.8044079691824986,6.956189360449423
-1.0,-1.0,-0.9639820593892012,-0.3954492102338225,0.527381466012806,1.0,2.1653114901926824
0.47400113391632703,0.7664130951141104,0.7262771195250666,0.1958928357722407,-0.3518014438174165,1.0,0.9828051875639497
-1.0,-0.7239155132516415,-0.3923715925030926,-1.0,-1.0,-1.0,3.6810986264447147
-0.37776149131822057,0.36094254723361663,1.0,0.6754911254067435,1.0,1.0,0.8080683637459585
-0.8144239775242158,-1.0,-0.022532583066633805,-0.8283424856477093,-0.16642072547384945,-0.03131331621340272,-1.365053574421112
-0.4963448498904153,-1.0,0.02849128461021011,-0.7223197402892572,-1.0,-0.15073059518118237,2.5270961005194095
-0.7353826011481839,1.0,-0.28888081712862995,0.26159245662540864,-0.2210474318023008,-0.08107330906665977,0.8520347771718663
0.9076477620840682,1.0,-0.03239642700202405,-0.6429434896657278,-1.0,-0.6258924943824595,5.455200563784409
1.0,1.0,-0.32891515896049245,1.0,0.6074643758175369,1.0,1.0087417307988324
-0.8603534358271692,-0.12177922685558445,0.8178373711857181,0.04059630756850588,0.9369111301085573,0.5977895063311537,-0.9413660605734205
-0.08252021964576917,-1.0,-0.7062505810491284,0.2407164222371414,-0.3715047014586238,1.0,3.5011053227768993
1.0,-0.09802197412251928,0.21198112736679664,1.0,1.0,0.5911309434152423,-1.9597724219256272
1.0,1.0,0.703131295357978,1.0,-1.0,0.3320209965363054,3.4894803019943406
-0.485646576453164,-0.9075644156616866,-0.7170093101840713,0.23067225862771734,-0.30190949221709457,1.0,3.2374112702193143
1.0,0.826639449673539,0.8130814131320511,0.6842503671619827,-0.8185994670588979,1.0,2.271174831687802
-0.5901998539737614,-0.8074557894118777,-0.7262390181641251,-1.0,-0.022396158138389577,-1.0,3.948535956781037
1.0,0.11447459586402409,1.0,0.5092943696509316,-0.34355485718088397,-0.6835481913782011,4.008729747917323
